date,close
2004-09-29,19.3283
2004-09-30,19.4833
2004-10-01,19.8439
2004-10-04,19.9292
2004-10-05,19.9254
2004-10-06,20.0184
2004-10-07,19.8129
2004-10-08,19.9098
2004-10-11,19.8323
2004-10-12,19.8982
2004-10-13,19.9486
2004-10-14,20.1037
2004-10-15,20.3092
2004-10-18,20.4178
2004-10-19,20.3092
2004-10-20,20.2123
2004-10-21,20.4178
2004-10-22,20.2549
2004-10-25,20.158
2004-10-26,20.348
2004-10-27,20.5884
2004-10-28,20.6
2004-10-29,20.5884
2004-11-01,20.79
2004-11-02,20.5884
2004-11-03,20.7977
2004-11-04,21.1118
2004-11-05,20.5418
2004-11-08,20.5961
2004-11-09,20.6737
2004-11-10,20.821
2004-11-11,20.9916
2004-11-12,21.4026
2004-11-15,21.674
2004-11-16,21.5422
2004-11-17,21.042
2004-11-18,21.0071
2004-11-19,20.79
2004-11-22,20.9334
2004-11-23,21.0226
2004-11-24,21.3871
2004-11-26,21.3638
2004-11-29,21.2863
2004-11-30,21.4026
2004-12-01,21.8175
2004-12-02,21.6314
2004-12-03,21.9222
2004-12-06,22.0268
2004-12-07,21.7477
2004-12-08,21.8058
2004-12-09,21.9648
2004-12-10,22.1509
2004-12-13,22.0889
2004-12-14,22.0695
2004-12-15,22.1121
2004-12-16,21.9105
2004-12-17,22.1587
2004-12-20,22.0811
2004-12-21,22.3332
2004-12-22,22.4997
2004-12-23,22.3292
2004-12-27,22.1627
2004-12-28,22.2459
2004-12-29,22.3728
2004-12-30,22.4798
2004-12-31,22.4204
2005-01-03,22.1587
2005-01-04,21.8257
2005-01-05,21.1001
2005-01-06,21.2627
2005-01-07,21.2151
2005-01-10,21.1477
2005-01-11,20.9336
2005-01-12,20.8345
2005-01-13,20.8345
2005-01-14,21.0922
2005-01-18,21.2984
2005-01-19,21.3182
2005-01-20,21.2508
2005-01-21,21.2706
2005-01-24,21.1001
2005-01-25,20.7037
2005-01-26,20.6402
2005-01-27,20.4935
2005-01-28,20.5252
2005-01-31,20.5015
2005-02-01,20.6521
2005-02-02,20.8821
2005-02-03,20.9455
2005-02-04,21.231
2005-02-07,21.1596
2005-02-08,21.2111
2005-02-09,21.3459
2005-02-10,21.5085
2005-02-11,21.5719
2005-02-14,21.5759
2005-02-15,21.671
2005-02-16,21.7979
2005-02-17,21.7821
2005-02-18,21.5917
2005-02-22,20.9733
2005-02-23,20.894
2005-02-24,20.9098
2005-02-25,21.2111
2005-02-28,21.1517
2005-03-01,21.3737
2005-03-02,21.231
2005-03-03,21.3459
2005-03-04,21.7464
2005-03-07,21.8494
2005-03-08,21.7265
2005-03-09,21.112
2005-03-10,21.2547
2005-03-11,21.0169
2005-03-14,21.3102
2005-03-15,21.2825
2005-03-16,21.0288
2005-03-17,21.2508
2005-03-18,21.1755
2005-03-21,21.0327
2005-03-22,20.6561
2005-03-23,20.6204
2005-03-24,20.6621
2005-03-28,20.5578
2005-03-29,20.5658
2005-03-30,20.8386
2005-03-31,20.7905
2005-04-01,20.8025
2005-04-04,20.7103
2005-04-05,20.6621
2005-04-06,20.7704
2005-04-07,20.959
2005-04-08,20.8627
2005-04-11,20.8828
2005-04-12,21.1636
2005-04-13,21.1877
2005-04-14,20.9871
2005-04-15,21.1436
2005-04-18,21.1115
2005-04-19,21.2158
2005-04-20,21.1636
2005-04-21,21.1596
2005-04-22,21.3241
2005-04-25,21.5568
2005-04-26,21.5849
2005-04-27,21.7534
2005-04-28,21.7012
2005-04-29,21.9901
2005-05-02,21.9741
2005-05-03,22.0062
2005-05-04,22.0262
2005-05-05,22.3071
2005-05-06,22.0262
2005-05-09,22.4074
2005-05-10,22.4074
2005-05-11,22.4194
2005-05-12,22.1947
2005-05-13,22.1867
2005-05-16,22.291
2005-05-17,22.4876
2005-05-18,22.7083
2005-05-19,23.0092
2005-05-20,23.0573
2005-05-23,23.1095
2005-05-24,22.7885
2005-05-25,22.5077
2005-05-26,22.4114
2005-05-27,22.5277
2005-05-31,22.7644
2005-06-01,23.0252
2005-06-02,22.945
2005-06-03,22.949
2005-06-06,23.1215
2005-06-07,23.3181
2005-06-08,23.4144
2005-06-09,23.4385
2005-06-10,23.3903
2005-06-13,23.4987
2005-06-14,23.6912
2005-06-15,23.7434
2005-06-16,23.7675
2005-06-17,24.0363
2005-06-20,24.0162
2005-06-21,23.8116
2005-06-22,23.7755
2005-06-23,23.6912
2005-06-24,23.6431
2005-06-27,23.6123
2005-06-28,23.7299
2005-06-29,23.807
2005-06-30,23.811
2005-07-01,24.0138
2005-07-05,24.3181
2005-07-06,24.2572
2005-07-07,24.2816
2005-07-08,24.6953
2005-07-11,24.9955
2005-07-12,24.9914
2005-07-13,24.8454
2005-07-14,24.4316
2005-07-15,24.533
2005-07-18,24.598
2005-07-19,24.7846
2005-07-20,25.0036
2005-07-21,24.6507
2005-07-22,24.8454
2005-07-25,24.8454
2005-07-26,25.1212
2005-07-27,25.1902
2005-07-28,25.5431
2005-07-29,25.5106
2005-08-01,25.4944
2005-08-02,25.677
2005-08-03,25.6161
2005-08-04,25.1821
2005-08-05,24.31
2005-08-08,23.4338
2005-08-09,23.5433
2005-08-10,23.7705
2005-08-11,24.0868
2005-08-12,24.0666
2005-08-15,24.2937
2005-08-16,24.4357
2005-08-17,24.241
2005-08-18,24.0787
2005-08-19,23.9936
2005-08-22,24.0666
2005-08-23,24.168
2005-08-24,24.2532
2005-08-25,24.2816
2005-08-26,23.9814
2005-08-29,23.9854
2005-08-30,24.0585
2005-08-31,24.4763
2005-09-01,24.6953
2005-09-02,24.6304
2005-09-06,25.1577
2005-09-07,25.105
2005-09-08,24.9427
2005-09-09,25.0685
2005-09-12,24.9914
2005-09-13,24.8008
2005-09-14,24.7805
2005-09-15,24.7927
2005-09-16,24.8454
2005-09-19,24.6507
2005-09-20,24.46
2005-09-21,23.9205
2005-09-22,24.0503
2005-09-23,24.0706
2005-09-26,24.2618
2005-09-27,24.2003
2005-09-28,23.9664
2005-09-29,24.4136
2005-09-30,24.8034
2005-10-03,24.7296
2005-10-04,24.3111
2005-10-05,23.9336
2005-10-06,23.9008
2005-10-07,23.6546
2005-10-10,23.3509
2005-10-11,23.2484
2005-10-12,22.8298
2005-10-13,22.8339
2005-10-14,23.3632
2005-10-17,23.4986
2005-10-18,23.273
2005-10-19,23.5356
2005-10-20,23.1622
2005-10-21,23.3838
2005-10-24,23.8597
2005-10-25,23.7612
2005-10-26,23.5192
2005-10-27,23.2648
2005-10-28,23.9664
2005-10-31,24.0895
2005-11-01,23.5561
2005-11-02,23.7736
2005-11-03,23.7038
2005-11-04,23.5684
2005-11-07,23.6792
2005-11-08,23.6135
2005-11-09,23.8802
2005-11-10,24.4465
2005-11-11,24.5449
2005-11-14,24.5244
2005-11-15,24.5121
2005-11-16,24.3726
2005-11-17,24.7747
2005-11-18,24.865
2005-11-21,24.9881
2005-11-22,25.3081
2005-11-23,25.4189
2005-11-25,25.5051
2005-11-28,25.2261
2005-11-29,25.2425
2005-11-30,25.0907
2005-12-01,25.4558
2005-12-02,25.3287
2005-12-05,25.2343
2005-12-06,25.1522
2005-12-07,25.0209
2005-12-08,25.2097
2005-12-09,25.2753
2005-12-12,25.2917
2005-12-13,25.4148
2005-12-14,25.464
2005-12-15,25.2712
2005-12-16,25.3615
2005-12-19,25.0291
2005-12-20,25.0619
2005-12-21,25.2138
2005-12-22,25.3574
2005-12-23,25.4435
2005-12-27,25.3285
2005-12-28,25.299
2005-12-29,25.1684
2005-12-30,25.0968
2006-01-03,25.6024
2006-01-04,25.792
2006-01-05,25.9901
2006-01-06,26.2345
2006-01-09,26.4578
2006-01-10,26.6179
2006-01-11,26.66
2006-01-12,26.5842
2006-01-13,26.2555
2006-01-17,26.1502
2006-01-18,26.146
2006-01-19,26.4746
2006-01-20,26.2176
2006-01-23,26.3356
2006-01-24,26.5336
2006-01-25,26.5505
2006-01-26,26.639
2006-01-27,26.9381
2006-01-30,26.9171
2006-01-31,26.9887
2006-02-01,27.1151
2006-02-02,26.9255
2006-02-03,26.6895
2006-02-06,26.7907
2006-02-07,26.58
2006-02-08,26.462
2006-02-09,26.5884
2006-02-10,26.6137
2006-02-13,26.6516
2006-02-14,26.7991
2006-02-15,27.0351
2006-02-16,27.2162
2006-02-17,27.507
2006-02-21,27.4733
2006-02-22,27.7809
2006-02-23,27.7345
2006-02-24,27.587
2006-02-27,27.5913
2006-02-28,27.4901
2006-03-01,27.6502
2006-03-02,27.6165
2006-03-03,27.4648
2006-03-06,27.962
2006-03-07,27.625
2006-03-08,27.7682
2006-03-09,27.9958
2006-03-10,28.2486
2006-03-13,28.0632
2006-03-14,28.2654
2006-03-15,28.8006
2006-03-16,29.0997
2006-03-17,29.361
2006-03-20,28.8668
2006-03-21,28.532
2006-03-22,28.5956
2006-03-23,28.6719
2006-03-24,28.6295
2006-03-27,28.2989
2006-03-28,28.6125
2006-03-29,29.1466
2006-03-30,28.727
2006-03-31,28.7863
2006-04-03,28.2904
2006-04-04,28.0955
2006-04-05,28.248
2006-04-06,28.1336
2006-04-07,27.7098
2006-04-10,27.447
2006-04-11,27.3792
2006-04-12,27.3792
2006-04-13,27.0189
2006-04-17,26.9427
2006-04-18,27.5996
2006-04-19,27.9386
2006-04-20,27.9683
2006-04-21,27.9725
2006-04-24,27.8285
2006-04-25,27.6165
2006-04-26,27.5318
2006-04-27,27.7055
2006-04-28,27.8073
2006-05-01,27.4724
2006-05-02,27.1927
2006-05-03,27.2436
2006-05-04,27.6293
2006-05-05,27.9853
2006-05-08,28.1082
2006-05-09,28.0955
2006-05-10,27.9937
2006-05-11,27.4767
2006-05-12,27.1291
2006-05-15,27.5021
2006-05-16,27.3961
2006-05-17,26.8833
2006-05-18,26.6756
2006-05-19,26.7392
2006-05-22,26.6672
2006-05-23,26.3747
2006-05-24,26.4171
2006-05-25,26.913
2006-05-26,27.2351
2006-05-30,27.0105
2006-05-31,27.0571
2006-06-01,27.5529
2006-06-02,27.8708
2006-06-05,28.0065
2006-06-06,27.6716
2006-06-07,27.8666
2006-06-08,27.8073
2006-06-09,27.9895
2006-06-12,27.6547
2006-06-13,27.3707
2006-06-14,27.1376
2006-06-15,27.7055
2006-06-16,27.6504
2006-06-19,27.4597
2006-06-20,27.3156
2006-06-21,27.6335
2006-06-22,27.4385
2006-06-23,27.2309
2006-06-26,27.5213
2006-06-27,27.4913
2006-06-28,27.5727
2006-06-29,28.1852
2006-06-30,28.3994
2006-07-03,28.9262
2006-07-05,28.8791
2006-07-06,28.9477
2006-07-07,28.8277
2006-07-10,29.0548
2006-07-11,29.1019
2006-07-12,29.179
2006-07-13,28.7849
2006-07-14,28.3908
2006-07-17,28.3908
2006-07-18,28.8192
2006-07-19,29.2646
2006-07-20,29.0248
2006-07-21,28.5493
2006-07-24,29.0205
2006-07-25,29.1704
2006-07-26,29.2732
2006-07-27,29.179
2006-07-28,29.603
2006-07-31,29.5045
2006-08-01,29.3503
2006-08-02,29.2946
2006-08-03,29.5731
2006-08-04,30.0399
2006-08-07,29.7444
2006-08-08,29.3032
2006-08-09,29.1233
2006-08-10,29.1447
2006-08-11,28.9648
2006-08-14,29.2432
2006-08-15,29.5773
2006-08-16,29.633
2006-08-17,29.5902
2006-08-18,29.723
2006-08-21,29.8943
2006-08-22,30.1042
2006-08-23,29.8729
2006-08-24,29.9886
2006-08-25,29.9671
2006-08-28,30.3227
2006-08-29,30.3269
2006-08-30,30.5068
2006-08-31,30.5326
2006-09-01,30.3569
2006-09-05,30.6653
2006-09-06,30.5197
2006-09-07,30.2713
2006-09-08,30.5582
2006-09-11,30.6568
2006-09-12,31.0508
2006-09-13,31.2265
2006-09-14,31.0594
2006-09-15,31.3078
2006-09-18,31.0851
2006-09-19,31.3164
2006-09-20,31.2479
2006-09-21,30.9009
2006-09-22,30.9823
2006-09-25,31.029
2006-09-26,30.9555
2006-09-27,31.2279
2006-09-28,31.1631
2006-09-29,31.1328
2006-10-02,31.0723
2006-10-03,31.3749
2006-10-04,31.7381
2006-10-05,31.9457
2006-10-06,31.7468
2006-10-09,31.9284
2006-10-10,31.9327
2006-10-11,31.8117
2006-10-12,32.1014
2006-10-13,32.4689
2006-10-16,32.5381
2006-10-17,32.43
2006-10-18,32.5943
2006-10-19,32.5164
2006-10-20,32.4732
2006-10-23,32.6678
2006-10-24,32.4992
2006-10-25,32.6635
2006-10-26,32.9878
2006-10-27,32.7673
2006-10-30,32.9532
2006-10-31,33.0094
2006-11-01,32.7543
2006-11-02,32.1316
2006-11-03,31.7771
2006-11-06,32.0711
2006-11-07,31.7208
2006-11-08,31.829
2006-11-09,31.8765
2006-11-10,32.0062
2006-11-13,32.0841
2006-11-14,32.4905
2006-11-15,32.5294
2006-11-16,32.75
2006-11-17,32.6246
2006-11-20,33.7531
2006-11-21,34.2979
2006-11-22,34.4493
2006-11-24,34.5963
2006-11-27,33.6623
2006-11-28,33.7531
2006-11-29,34.2288
2006-11-30,34.5877
2006-12-01,34.5228
2006-12-04,34.9249
2006-12-05,34.6568
2006-12-06,34.4623
2006-12-07,34.2504
2006-12-08,34.3628
2006-12-11,34.4407
2006-12-12,34.285
2006-12-13,34.1077
2006-12-14,34.1336
2006-12-15,33.8785
2006-12-18,33.6667
2006-12-19,33.3813
2006-12-20,33.7315
2006-12-21,33.4548
2006-12-22,33.1611
2006-12-26,33.3992
2006-12-27,33.6991
2006-12-28,33.7916
2006-12-29,33.9504
2007-01-03,34.0033
2007-01-04,34.0474
2007-01-05,33.4169
2007-01-08,33.4654
2007-01-09,33.8886
2007-01-10,34.3251
2007-01-11,34.7705
2007-01-12,34.8807
2007-01-16,35.3745
2007-01-17,35.3613
2007-01-18,35.3172
2007-01-19,35.6699
2007-01-22,35.3701
2007-01-23,35.5376
2007-01-24,36.0006
2007-01-25,36.2211
2007-01-26,36.3401
2007-01-29,36.4592
2007-01-30,36.6399
2007-01-31,36.9309
2007-02-01,37.0765
2007-02-02,37.1426
2007-02-05,37.1426
2007-02-06,37.6893
2007-02-07,38.4786
2007-02-08,38.1831
2007-02-09,37.7422
2007-02-12,37.0588
2007-02-13,37.7775
2007-02-14,37.5085
2007-02-15,37.7863
2007-02-16,37.6893
2007-02-20,37.9803
2007-02-21,37.8569
2007-02-22,37.654
2007-02-23,36.9971
2007-02-26,36.8119
2007-02-27,35.6699
2007-02-28,35.9345
2007-03-01,35.5729
2007-03-02,35.0085
2007-03-05,33.6461
2007-03-06,34.8807
2007-03-07,34.3913
2007-03-08,34.9424
2007-03-09,35.4054
2007-03-12,35.5817
2007-03-13,34.744
2007-03-14,34.9116
2007-03-15,35.2246
2007-03-16,34.8322
2007-03-19,35.1805
2007-03-20,35.3216
2007-03-21,35.7493
2007-03-22,35.7846
2007-03-23,35.8066
2007-03-26,35.2332
2007-03-27,34.8651
2007-03-28,34.6345
2007-03-29,34.6922
2007-03-30,35.1889
2007-04-02,35.4106
2007-04-03,35.721
2007-04-04,35.5436
2007-04-05,35.5082
2007-04-09,35.5747
2007-04-10,35.721
2007-04-11,35.1889
2007-04-12,34.9494
2007-04-13,35.3441
2007-04-16,35.3884
2007-04-17,35.8496
2007-04-18,35.6279
2007-04-19,35.3884
2007-04-20,35.6545
2007-04-23,36.0536
2007-04-24,35.8097
2007-04-25,35.7875
2007-04-26,35.8097
2007-04-27,35.721
2007-04-30,35.1445
2007-05-01,34.8385
2007-05-02,35.1135
2007-05-03,35.2066
2007-05-04,34.9006
2007-05-07,34.9982
2007-05-08,34.7676
2007-05-09,35.1445
2007-05-10,34.6744
2007-05-11,35.1445
2007-05-14,34.9449
2007-05-15,34.4128
2007-05-16,33.9871
2007-05-17,33.3973
2007-05-18,33.0602
2007-05-21,33.1933
2007-05-22,33.6855
2007-05-23,33.4283
2007-05-24,32.8696
2007-05-25,33.0558
2007-05-29,34.2354
2007-05-30,35.1534
2007-05-31,35.0115
2007-06-01,35.0603
2007-06-04,35.2022
2007-06-05,34.6434
2007-06-06,34.4084
2007-06-07,33.3263
2007-06-08,33.7254
2007-06-11,33.2199
2007-06-12,32.6434
2007-06-13,33.3662
2007-06-14,33.007
2007-06-15,33.3707
2007-06-18,32.8562
2007-06-19,32.9183
2007-06-20,31.9294
2007-06-21,32.1068
2007-06-22,31.9871
2007-06-25,31.4626
2007-06-26,31.3414
2007-06-27,32.1451
2007-06-28,31.979
2007-06-29,31.8577
2007-07-02,32.5941
2007-07-03,32.5043
2007-07-05,32.9938
2007-07-06,32.9533
2007-07-09,32.9309
2007-07-10,32.0957
2007-07-11,32.0329
2007-07-12,32.4459
2007-07-13,32.7558
2007-07-16,32.4819
2007-07-17,32.3651
2007-07-18,32.2933
2007-07-19,32.4145
2007-07-20,31.8488
2007-07-23,31.2965
2007-07-24,30.6634
2007-07-25,30.3311
2007-07-26,29.7743
2007-07-27,28.7865
2007-07-30,29.3432
2007-07-31,29.2265
2007-08-01,29.6127
2007-08-02,30.1021
2007-08-03,28.9391
2007-08-06,29.9494
2007-08-07,30.1156
2007-08-08,31.3054
2007-08-09,30.9597
2007-08-10,30.0258
2007-08-13,29.8821
2007-08-14,29.0244
2007-08-15,28.535
2007-08-16,29.68
2007-08-17,30.3535
2007-08-20,30.9103
2007-08-21,31.054
2007-08-22,31.4312
2007-08-23,30.8924
2007-08-24,31.0585
2007-08-27,30.385
2007-08-28,29.4555
2007-08-29,30.5331
2007-08-30,30.6903
2007-08-31,31.1977
2007-09-04,31.6108
2007-09-05,30.8519
2007-09-06,31.1258
2007-09-07,30.376
2007-09-10,30.0617
2007-09-11,30.6858
2007-09-12,30.5062
2007-09-13,31.1932
2007-09-14,31.3952
2007-09-17,31.1663
2007-09-18,32.2753
2007-09-19,32.8815
2007-09-20,32.0284
2007-09-21,32.2574
2007-09-24,32.8689
2007-09-25,32.0523
2007-09-26,32.5196
2007-09-27,32.7691
2007-09-28,32.4198
2007-10-01,33.2092
2007-10-02,33.8126
2007-10-03,33.6492
2007-10-04,33.994
2007-10-05,34.7925
2007-10-08,34.1347
2007-10-09,34.5158
2007-10-10,34.2753
2007-10-11,34.1392
2007-10-12,33.8171
2007-10-15,33.182
2007-10-16,32.7782
2007-10-17,32.7283
2007-10-18,32.7374
2007-10-19,31.3446
2007-10-22,32.1657
2007-10-23,32.506
2007-10-24,31.9616
2007-10-25,32.0296
2007-10-26,32.5151
2007-10-29,31.9842
2007-10-30,32.4243
2007-10-31,33.1003
2007-11-01,31.5533
2007-11-02,31.1041
2007-11-05,30.655
2007-11-06,31.0406
2007-11-07,30.0743
2007-11-08,30.165
2007-11-09,29.92
2007-11-12,30.2648
2007-11-13,31.2674
2007-11-14,30.6323
2007-11-15,30.5778
2007-11-16,30.0062
2007-11-19,29.3529
2007-11-20,28.7858
2007-11-21,28.5862
2007-11-23,29.1488
2007-11-26,27.7514
2007-11-27,28.4002
2007-11-28,29.6478
2007-11-29,29.1714
2007-11-30,29.9654
2007-12-03,29.6433
2007-12-04,28.8448
2007-12-05,29.8157
2007-12-06,30.7639
2007-12-07,30.655
2007-12-10,31.3128
2007-12-11,29.6614
2007-12-12,29.5616
2007-12-13,29.2259
2007-12-14,28.4909
2007-12-17,27.6108
2007-12-18,28.0373
2007-12-19,28.3231
2007-12-20,28.205
2007-12-21,28.7584
2007-12-24,29.69
2007-12-26,29.1965
2007-12-27,28.6154
2007-12-28,28.1128
2007-12-31,28.3434
2008-01-02,28.2557
2008-01-03,27.3749
2008-01-04,26.2635
2008-01-07,26.5079
2008-01-08,25.5902
2008-01-09,26.0421
2008-01-10,26.4433
2008-01-11,26.448
2008-01-14,26.3373
2008-01-15,25.8023
2008-01-16,26.0975
2008-01-17,25.7424
2008-01-18,25.4011
2008-01-22,26.0099
2008-01-23,28.4771
2008-01-24,27.8084
2008-01-25,27.647
2008-01-28,28.5832
2008-01-29,28.3249
2008-01-30,27.5686
2008-01-31,28.122
2008-02-01,29.298
2008-02-04,28.9936
2008-02-05,27.9698
2008-02-06,27.5133
2008-02-07,28.1635
2008-02-08,27.2642
2008-02-11,26.7108
2008-02-12,27.4718
2008-02-13,27.6885
2008-02-14,27.172
2008-02-15,27.3934
2008-02-19,27.3242
2008-02-20,27.4948
2008-02-21,26.7477
2008-02-22,27.504
2008-02-25,28.3434
2008-02-26,28.3388
2008-02-27,28.205
2008-02-28,27.6239
2008-02-29,27.2273
2008-03-03,27.4164
2008-03-04,27.1582
2008-03-05,27.5317
2008-03-06,26.2773
2008-03-07,26.7062
2008-03-10,26.3281
2008-03-11,28.039
2008-03-12,27.4487
2008-03-13,27.7715
2008-03-14,27.2089
2008-03-17,27.3749
2008-03-18,28.5786
2008-03-19,28.3618
2008-03-20,29.3072
2008-03-24,29.9667
2008-03-25,30.0433
2008-03-26,29.4671
2008-03-27,29.2255
2008-03-28,28.8816
2008-03-31,28.9931
2008-04-01,30.6428
2008-04-02,30.4941
2008-04-03,31.1912
2008-04-04,30.6986
2008-04-07,30.4151
2008-04-08,30.3733
2008-04-09,29.6112
2008-04-10,29.8993
2008-04-11,29.5322
2008-04-14,29.3602
2008-04-15,29.6576
2008-04-16,30.8612
2008-04-17,30.9728
2008-04-18,30.7962
2008-04-21,30.5685
2008-04-22,30.4941
2008-04-23,30.8752
2008-04-24,31.4886
2008-04-25,31.6652
2008-04-28,31.6234
2008-04-29,31.2795
2008-04-30,30.8426
2008-05-01,31.5072
2008-05-02,31.4793
2008-05-05,31.391
2008-05-06,31.6094
2008-05-07,30.7497
2008-05-08,30.5638
2008-05-09,30.3965
2008-05-12,31.1261
2008-05-13,31.2516
2008-05-14,31.4468
2008-05-15,31.8278
2008-05-16,31.6605
2008-05-19,31.7117
2008-05-20,31.2841
2008-05-21,30.5313
2008-05-22,30.2711
2008-05-23,30.127
2008-05-27,30.5406
2008-05-28,30.5917
2008-05-29,30.9216
2008-05-30,30.7776
2008-06-02,30.2618
2008-06-03,30.4616
2008-06-04,30.6196
2008-06-05,31.3213
2008-06-06,30.0108
2008-06-09,29.416
2008-06-10,29.4299
2008-06-11,28.9838
2008-06-12,29.2812
2008-06-13,29.7692
2008-06-16,30.1642
2008-06-17,29.3091
2008-06-18,28.8769
2008-06-19,29.5461
2008-06-20,28.8816
2008-06-23,28.1659
2008-06-24,28.1838
2008-06-25,28.6453
2008-06-26,27.6894
2008-06-27,27.4728
2008-06-30,27.5104
2008-07-01,27.4869
2008-07-02,27.1478
2008-07-03,26.87
2008-07-07,26.2672
2008-07-08,28.2262
2008-07-09,26.3002
2008-07-10,26.8088
2008-07-11,26.6769
2008-07-14,25.7492
2008-07-15,25.4997
2008-07-16,27.3597
2008-07-17,27.6894
2008-07-18,27.7365
2008-07-21,27.9437
2008-07-22,28.6924
2008-07-23,29.5024
2008-07-24,27.5481
2008-07-25,28.0002
2008-07-28,27.5434
2008-07-29,28.8243
2008-07-30,28.7254
2008-07-31,28.3675
2008-08-01,28.391
2008-08-04,27.9766
2008-08-05,29.234
2008-08-06,29.0927
2008-08-07,28.3251
2008-08-08,29.1492
2008-08-11,30.091
2008-08-12,29.4176
2008-08-13,28.9891
2008-08-14,29.4553
2008-08-15,29.4129
2008-08-18,29.0079
2008-08-19,28.2921
2008-08-20,28.3345
2008-08-21,27.8306
2008-08-22,28.7772
2008-08-25,27.906
2008-08-26,28.2356
2008-08-27,28.5182
2008-08-28,29.2434
2008-08-29,29.0409
2008-09-02,29.2292
2008-09-03,29.6907
2008-09-04,28.8572
2008-09-05,28.8619
2008-09-08,30.1098
2008-09-09,28.9844
2008-09-10,29.0362
2008-09-11,29.4788
2008-09-12,29.3846
2008-09-15,27.6894
2008-09-16,29.055
2008-09-17,27.3833
2008-09-18,29.7096
2008-09-19,30.5949
2008-09-22,28.0237
2008-09-23,28.2121
2008-09-24,28.0174
2008-09-25,28.3657
2008-09-26,29.2435
2008-09-29,27.0586
2008-09-30,29.0049
2008-10-01,28.3037
2008-10-02,26.4766
2008-10-03,25.3316
2008-10-06,24.5731
2008-10-07,22.4645
2008-10-08,22.1544
2008-10-09,20.3989
2008-10-10,22.35
2008-10-13,23.7717
2008-10-14,22.1544
2008-10-15,19.3112
2008-10-16,20.4323
2008-10-17,20.2128
2008-10-20,20.3607
2008-10-21,19.6642
2008-10-22,18.276
2008-10-23,17.7989
2008-10-24,16.7876
2008-10-27,15.8335
2008-10-28,18.3094
2008-10-29,17.6606
2008-10-30,18.6051
2008-10-31,19.8026
2008-11-03,19.1538
2008-11-04,20.2271
2008-11-05,18.2378
2008-11-06,17.3839
2008-11-07,18.4859
2008-11-10,16.8305
2008-11-11,16.5967
2008-11-12,15.4089
2008-11-13,17.1024
2008-11-14,15.1751
2008-11-17,14.6265
2008-11-18,14.4882
2008-11-19,12.5418
2008-11-20,11.5495
2008-11-21,12.3987
2008-11-24,14.5072
2008-11-25,14.7362
2008-11-26,15.5329
2008-11-28,15.3039
2008-12-01,12.3176
2008-12-02,13.9539
2008-12-03,14.7362
2008-12-04,14.3307
2008-12-05,15.8478
2008-12-08,17.3266
2008-12-09,15.8239
2008-12-10,17.1835
2008-12-11,14.7315
2008-12-12,16.2724
2008-12-15,15.7046
2008-12-16,17.6272
2008-12-17,17.9516
2008-12-18,16.4584
2008-12-19,17.6129
2008-12-22,16.9498
2008-12-23,16.8544
2008-12-24,17.0528
2008-12-26,17.2978
2008-12-29,16.3031
2008-12-30,16.9548
2008-12-31,17.8614
2009-01-02,17.2929
2009-01-05,16.9744
2009-01-06,17.8221
2009-01-07,17.2243
2009-01-08,17.0969
2009-01-09,16.2198
2009-01-12,15.2691
2009-01-13,15.7297
2009-01-14,14.9065
2009-01-15,15.3965
2009-01-16,15.9797
2009-01-20,14.1911
2009-01-21,15.6758
2009-01-22,14.8183
2009-01-23,15.2691
2009-01-26,15.1809
2009-01-27,15.3965
2009-01-28,16.7294
2009-01-29,15.3622
2009-01-30,14.7301
2009-02-02,15.0878
2009-02-03,14.9359
2009-02-04,14.5733
2009-02-05,14.2646
2009-02-06,15.2544
2009-02-09,15.4798
2009-02-10,14.1029
2009-02-11,14.3724
2009-02-12,14.1274
2009-02-13,13.26
2009-02-17,12.3192
2009-02-18,12.4956
2009-02-19,11.9566
2009-02-20,12.7112
2009-02-23,11.7557
2009-02-24,12.7504
2009-02-25,12.5054
2009-02-26,11.8635
2009-02-27,11.7067
2009-03-02,10.9765
2009-03-03,11.0206
2009-03-04,11.197
2009-03-05,10.5061
2009-03-06,10.364
2009-03-09,10.5943
2009-03-10,12.0693
2009-03-11,11.8733
2009-03-12,12.8435
2009-03-13,12.5691
2009-03-16,11.5793
2009-03-17,12.4564
2009-03-18,13.1375
2009-03-19,12.3339
2009-03-20,11.2705
2009-03-23,13.0934
2009-03-24,12.084
2009-03-25,12.2829
2009-03-26,12.5577
2009-03-27,11.998
2009-03-30,11.3434
2009-03-31,12.1329
2009-04-01,12.068
2009-04-02,12.9425
2009-04-03,14.0568
2009-04-06,13.8969
2009-04-07,12.8575
2009-04-08,13.0474
2009-04-09,14.7964
2009-04-13,14.8414
2009-04-14,13.5821
2009-04-15,14.7614
2009-04-16,15.2561
2009-04-17,15.531
2009-04-20,13.9319
2009-04-21,15.1662
2009-04-22,14.6365
2009-04-23,15.2961
2009-04-24,16.0207
2009-04-27,15.0612
2009-04-28,15.2611
2009-04-29,15.9257
2009-04-30,15.8558
2009-05-01,15.3361
2009-05-04,16.6004
2009-05-05,15.9807
2009-05-06,16.5904
2009-05-07,15.6409
2009-05-08,16.6853
2009-05-11,16.0507
2009-05-12,16.0057
2009-05-13,14.9563
2009-05-14,15.3111
2009-05-15,14.7964
2009-05-18,15.9857
2009-05-19,15.6809
2009-05-20,15.556
2009-05-21,15.6009
2009-05-22,15.2162
2009-05-26,16.1206
2009-05-27,15.536
2009-05-28,15.7508
2009-05-29,16.2705
2009-06-01,17.1051
2009-06-02,16.7503
2009-06-03,16.7203
2009-06-04,17.255
2009-06-05,17.21
2009-06-08,16.8952
2009-06-09,16.8952
2009-06-10,16.6004
2009-06-11,16.2605
2009-06-12,16.8502
2009-06-15,16.0507
2009-06-16,15.7558
2009-06-17,15.456
2009-06-18,15.561
2009-06-19,15.7159
2009-06-22,14.8963
2009-06-23,15.0063
2009-06-24,15.3339
2009-06-25,15.537
2009-06-26,15.6691
2009-06-29,15.659
2009-06-30,15.7504
2009-07-01,16.0246
2009-07-02,15.1764
2009-07-06,15.5574
2009-07-07,14.9529
2009-07-08,14.8107
2009-07-09,14.5314
2009-07-10,14.5111
2009-07-13,15.0596
2009-07-14,15.2425
2009-07-15,15.8062
2009-07-16,15.9891
2009-07-17,15.5624
2009-07-20,16.111
2009-07-21,16.0653
2009-07-22,16.0856
2009-07-23,16.7256
2009-07-24,16.8424
2009-07-27,17.0862
2009-07-28,17.0709
2009-07-29,16.8576
2009-07-30,17.462
2009-07-31,17.4468
2009-08-03,17.7617
2009-08-04,18.7318
2009-08-05,19.448
2009-08-06,19.3007
2009-08-07,20.3775
2009-08-10,19.9407
2009-08-11,19.3616
2009-08-12,19.5038
2009-08-13,19.6054
2009-08-14,19.4429
2009-08-17,18.4068
2009-08-18,18.5896
2009-08-19,18.4423
2009-08-20,19.1788
2009-08-21,19.6816
2009-08-24,19.6156
2009-08-25,19.834
2009-08-26,19.8949
2009-08-27,20.0879
2009-08-28,20.2657
2009-08-31,19.9457
2009-09-01,18.8791
2009-09-02,18.4982
2009-09-03,18.869
2009-09-04,19.0874
2009-09-08,19.7527
2009-09-09,20.1387
2009-09-10,20.4384
2009-09-11,20.4028
2009-09-14,21.0073
2009-09-15,21.3425
2009-09-16,22.211
2009-09-17,22.1145
2009-09-18,22.145
2009-09-21,21.7996
2009-09-22,22.4904
2009-09-23,21.6777
2009-09-24,20.8863
2009-09-25,20.9529
2009-09-28,21.8198
2009-09-29,21.4659
2009-09-30,21.2607
2009-10-01,20.3067
2009-10-02,20.163
2009-10-05,20.717
2009-10-06,20.6606
2009-10-07,20.6452
2009-10-08,21.0401
2009-10-09,21.2197
2009-10-12,21.1889
2009-10-13,20.8914
2009-10-14,21.6557
2009-10-15,21.471
2009-10-16,20.9068
2009-10-19,21.3582
2009-10-20,20.9632
2009-10-21,20.6965
2009-10-22,21.2402
2009-10-23,20.9889
2009-10-26,20.9376
2009-10-27,20.6349
2009-10-28,19.7681
2009-10-29,20.6708
2009-10-30,20.3118
2009-11-02,20.3067
2009-11-03,20.6042
2009-11-04,20.163
2009-11-05,20.6195
2009-11-06,20.281
2009-11-09,21.2812
2009-11-10,21.1222
2009-11-11,21.5172
2009-11-12,21.2966
2009-11-13,21.5838
2009-11-16,22.107
2009-11-17,21.7223
2009-11-18,22.1173
2009-11-19,21.6095
2009-11-20,21.4556
2009-11-23,21.7275
2009-11-24,21.4043
2009-11-25,21.4915
2009-11-27,20.8657
2009-11-30,21.6454
2009-12-01,21.9634
2009-12-02,22.3225
2009-12-03,22.0711
2009-12-04,22.7225
2009-12-07,22.2455
2009-12-08,22.1173
2009-12-09,22.0711
2009-12-10,21.9839
2009-12-11,22.3378
2009-12-14,22.743
2009-12-15,22.5174
2009-12-16,22.6815
2009-12-17,22.543
2009-12-18,22.6918
2009-12-21,22.9995
2009-12-22,23.2406
2009-12-23,23.5176
2009-12-24,23.8573
2009-12-28,23.9716
2009-12-29,23.6132
2009-12-30,23.6495
2009-12-31,23.2443
2010-01-04,23.1456
2010-01-05,23.1196
2010-01-06,23.078
2010-01-07,23.3274
2010-01-08,23.156
2010-01-11,23.291
2010-01-12,22.9014
2010-01-13,23.3638
2010-01-14,23.343
2010-01-15,23.1664
2010-01-19,23.6391
2010-01-20,23.3742
2010-01-21,22.704
2010-01-22,22.1325
2010-01-25,22.2883
2010-01-26,22.0805
2010-01-27,22.2779
2010-01-28,22.0857
2010-01-29,21.961
2010-02-01,22.3611
2010-02-02,22.6676
2010-02-03,22.2987
2010-02-04,21.4727
2010-02-05,21.8675
2010-02-08,21.3895
2010-02-09,21.322
2010-02-10,21.3636
2010-02-11,21.5662
2010-02-12,21.8207
2010-02-16,22.439
2010-02-17,22.6416
2010-02-18,22.9793
2010-02-19,22.9949
2010-02-22,23.0521
2010-02-23,22.8754
2010-02-24,23.1092
2010-02-25,23.1975
2010-02-26,23.1871
2010-03-01,23.3846
2010-03-02,23.395
2010-03-03,23.3326
2010-03-04,23.4781
2010-03-05,24.1171
2010-03-08,24.3613
2010-03-09,24.4184
2010-03-10,24.6367
2010-03-11,24.7821
2010-03-12,24.9796
2010-03-15,24.9224
2010-03-16,25.5251
2010-03-17,25.9043
2010-03-18,25.7641
2010-03-19,25.4835
2010-03-22,25.8056
2010-03-23,25.7329
2010-03-24,25.8732
2010-03-25,25.9365
2010-03-26,25.8004
2010-03-29,25.8789
2010-03-30,25.8423
2010-03-31,25.5492
2010-04-01,25.68
2010-04-05,26.2453
2010-04-06,26.8473
2010-04-07,26.2558
2010-04-08,26.2872
2010-04-09,26.6589
2010-04-12,26.4913
2010-04-13,27.1404
2010-04-14,27.1823
2010-04-15,26.439
2010-04-16,25.8318
2010-04-19,25.947
2010-04-20,26.3867
2010-04-21,26.8473
2010-04-22,27.2608
2010-04-23,27.622
2010-04-26,27.8418
2010-04-27,26.952
2010-04-28,27.0357
2010-04-29,28.2554
2010-04-30,27.376
2010-05-03,28.2868
2010-05-04,27.6429
2010-05-05,27.2713
2010-05-06,26.1511
2010-05-07,25.7114
2010-05-10,27.4074
2010-05-11,27.5696
2010-05-12,28.0146
2010-05-13,27.5592
2010-05-14,26.685
2010-05-17,26.7217
2010-05-18,26.0464
2010-05-19,25.8057
2010-05-20,24.4813
2010-05-21,25.3031
2010-05-24,24.7378
2010-05-25,24.9367
2010-05-26,24.8844
2010-05-27,26.2506
2010-05-28,25.9156
2010-06-01,25.3764
2010-06-02,25.8737
2010-06-03,25.8004
2010-06-04,24.34
2010-06-07,24.2092
2010-06-08,24.6436
2010-06-09,24.7902
2010-06-10,25.8632
2010-06-11,26.1721
2010-06-14,26.4966
2010-06-15,27.0881
2010-06-16,26.8421
2010-06-17,26.8996
2010-06-18,26.8159
2010-06-21,26.6065
2010-06-22,25.8161
2010-06-23,25.8842
2010-06-24,25.3362
2010-06-25,25.9756
2010-06-28,25.6691
2010-06-29,24.829
2010-06-30,24.5648
2010-07-01,24.4802
2010-07-02,24.01
2010-07-06,23.4763
2010-07-07,24.6176
2010-07-08,24.9241
2010-07-09,25.2411
2010-07-12,25.3204
2010-07-13,25.9439
2010-07-14,25.7906
2010-07-15,25.7061
2010-07-16,24.8712
2010-07-19,25.1777
2010-07-20,25.648
2010-07-21,25.1143
2010-07-22,26.0548
2010-07-23,26.3877
2010-07-26,27.0482
2010-07-27,27.0429
2010-07-28,26.9901
2010-07-29,26.7629
2010-07-30,26.9214
2010-08-02,27.8249
2010-08-03,27.5555
2010-08-04,27.751
2010-08-05,27.4022
2010-08-06,27.2754
2010-08-09,27.5872
2010-08-10,27.3177
2010-08-11,26.6361
2010-08-12,26.3032
2010-08-13,26.3032
2010-08-16,26.282
2010-08-17,26.8844
2010-08-18,26.9108
2010-08-19,26.2239
2010-08-20,26.1394
2010-08-23,26.002
2010-08-24,25.8963
2010-08-25,26.3085
2010-08-26,26.15
2010-08-27,26.5832
2010-08-30,26.3772
2010-08-31,26.5779
2010-09-01,27.4445
2010-09-02,27.7932
2010-09-03,28.2001
2010-09-07,27.7668
2010-09-08,27.8249
2010-09-09,27.5026
2010-09-10,27.6506
2010-09-13,28.105
2010-09-14,27.9993
2010-09-15,28.2424
2010-09-16,28.0944
2010-09-17,28.179
2010-09-20,28.8659
2010-09-21,28.4432
2010-09-22,28.0574
2010-09-23,27.3652
2010-09-24,28.1394
2010-09-27,27.7928
2010-09-28,27.9048
2010-09-29,27.6862
2010-09-30,27.7662
2010-10-01,27.9048
2010-10-04,28.1607
2010-10-05,28.6085
2010-10-06,28.4539
2010-10-07,28.5339
2010-10-08,28.6139
2010-10-11,28.6085
2010-10-12,28.8111
2010-10-13,29.1097
2010-10-14,29.0351
2010-10-15,28.9977
2010-10-18,29.3709
2010-10-19,29.0084
2010-10-20,29.6428
2010-10-21,29.6108
2010-10-22,29.6268
2010-10-25,29.6801
2010-10-26,29.4669
2010-10-27,29.259
2010-10-28,29.0777
2010-10-29,29.083
2010-11-01,29.3336
2010-11-02,29.5362
2010-11-03,29.5362
2010-11-04,30.2186
2010-11-05,30.5438
2010-11-08,30.3786
2010-11-09,29.147
2010-11-10,29.5095
2010-11-11,29.275
2010-11-12,29.0031
2010-11-15,28.7258
2010-11-16,27.7395
2010-11-17,27.9528
2010-11-18,28.2033
2010-11-19,28.3526
2010-11-22,28.4273
2010-11-23,28.2033
2010-11-24,28.7471
2010-11-26,28.6885
2010-11-29,28.6725
2010-11-30,28.5445
2010-12-01,28.7098
2010-12-02,29.1523
2010-12-03,29.147
2010-12-06,29.2056
2010-12-07,29.2696
2010-12-08,28.8378
2010-12-09,28.5819
2010-12-10,28.7685
2010-12-13,28.8165
2010-12-14,28.5339
2010-12-15,28.262
2010-12-16,28.31
2010-12-17,28.5445
2010-12-20,28.8858
2010-12-21,29.1897
2010-12-22,29.4136
2010-12-23,29.2803
2010-12-27,29.6441
2010-12-28,29.7627
2010-12-29,29.822
2010-12-30,29.9028
2010-12-31,29.8435
2011-01-03,30.3987
2011-01-04,29.8166
2011-01-05,29.9244
2011-01-06,29.6441
2011-01-07,29.6549
2011-01-10,29.6495
2011-01-11,29.5848
2011-01-12,29.7088
2011-01-13,29.8058
2011-01-14,30.0052
2011-01-18,30.2639
2011-01-19,29.8651
2011-01-20,29.8705
2011-01-21,29.892
2011-01-24,30.0429
2011-01-25,30.3933
2011-01-26,30.4418
2011-01-27,30.9215
2011-01-28,30.4095
2011-01-31,30.8137
2011-02-01,30.8892
2011-02-02,30.8892
2011-02-03,30.9754
2011-02-04,30.749
2011-02-07,31.0509
2011-02-08,31.1856
2011-02-09,31.2072
2011-02-10,31.3365
2011-02-11,31.5413
2011-02-14,31.5467
2011-02-15,31.4281
2011-02-16,31.4982
2011-02-17,31.5305
2011-02-18,31.6545
2011-02-22,31.3796
2011-02-23,31.1155
2011-02-24,30.8784
2011-02-25,31.482
2011-02-28,32.2636
2011-03-01,31.3042
2011-03-02,31.0185
2011-03-03,31.4659
2011-03-04,31.164
2011-03-07,30.9377
2011-03-08,31.3742
2011-03-09,31.3419
2011-03-10,30.8622
2011-03-11,31.1748
2011-03-14,30.8622
2011-03-15,30.7005
2011-03-16,30.2478
2011-03-17,30.4795
2011-03-18,30.7867
2011-03-21,31.1209
2011-03-22,30.9215
2011-03-23,30.5819
2011-03-24,30.7113
2011-03-25,30.9513
2011-03-28,30.9133
2011-03-29,31.0381
2011-03-30,31.4887
2011-03-31,31.7439
2011-04-01,31.7928
2011-04-04,31.7711
2011-04-05,31.8036
2011-04-06,31.8199
2011-04-07,31.467
2011-04-08,31.239
2011-04-11,31.2607
2011-04-12,31.2064
2011-04-13,31.1576
2011-04-14,31.6082
2011-04-15,32.0154
2011-04-18,31.7276
2011-04-19,31.9773
2011-04-20,32.352
2011-04-21,32.5691
2011-04-25,32.7863
2011-04-26,33.074
2011-04-27,33.3183
2011-04-28,33.7635
2011-04-29,33.5681
2011-05-02,33.6169
2011-05-03,33.3292
2011-05-04,33.1392
2011-05-05,33.1175
2011-05-06,32.8243
2011-05-09,32.9926
2011-05-10,33.5138
2011-05-11,33.1609
2011-05-12,33.2152
2011-05-13,32.8623
2011-05-16,32.9112
2011-05-17,32.9003
2011-05-18,33.2206
2011-05-19,33.3618
2011-05-20,32.9546
2011-05-23,32.618
2011-05-24,32.7157
2011-05-25,32.8677
2011-05-26,33.3075
2011-05-27,33.4975
2011-05-31,34.0296
2011-06-01,33.0523
2011-06-02,32.8134
2011-06-03,32.9438
2011-06-06,32.4605
2011-06-07,32.8026
2011-06-08,32.7103
2011-06-09,32.3574
2011-06-10,31.543
2011-06-13,31.6733
2011-06-14,32.1457
2011-06-15,31.6299
2011-06-16,31.8796
2011-06-17,32.1837
2011-06-20,32.5746
2011-06-21,32.8297
2011-06-22,32.732
2011-06-23,32.0697
2011-06-24,32.0746
2011-06-27,32.2115
2011-06-28,32.4798
2011-06-29,32.8192
2011-06-30,32.9068
2011-07-01,33.4708
2011-07-05,33.7281
2011-07-06,33.98
2011-07-07,34.4071
2011-07-08,34.3633
2011-07-11,33.7665
2011-07-12,33.8814
2011-07-13,33.5474
2011-07-14,33.2354
2011-07-15,33.6022
2011-07-18,33.3668
2011-07-19,33.9033
2011-07-20,34.1497
2011-07-21,34.4235
2011-07-22,34.5932
2011-07-25,34.2702
2011-07-26,34.3469
2011-07-27,33.3832
2011-07-28,33.416
2011-07-29,33.4215
2011-08-01,32.9178
2011-08-02,31.8665
2011-08-03,31.6037
2011-08-04,30.0597
2011-08-05,29.3095
2011-08-08,26.7635
2011-08-09,29.2
2011-08-10,28.5266
2011-08-11,30.0049
2011-08-12,29.9994
2011-08-15,31.0945
2011-08-16,31.0014
2011-08-17,31.089
2011-08-18,29.7038
2011-08-19,29.1343
2011-08-22,29.1672
2011-08-23,29.8844
2011-08-24,30.2787
2011-08-25,29.7147
2011-08-26,30.0761
2011-08-29,31.1054
2011-08-30,31.193
2011-08-31,31.5435
2011-09-01,31.089
2011-09-02,30.3553
2011-09-06,30.2239
2011-09-07,31.3628
2011-09-08,31.1219
2011-09-09,30.1473
2011-09-12,30.2458
2011-09-13,30.317
2011-09-14,30.5141
2011-09-15,31.0178
2011-09-16,31.319
2011-09-19,30.6346
2011-09-20,30.6181
2011-09-21,29.0029
2011-09-22,28.2966
2011-09-23,28.505
2011-09-26,28.9031
2011-09-27,29.1905
2011-09-28,28.4497
2011-09-29,28.892
2011-09-30,28.1235
2011-10-03,26.7967
2011-10-04,27.8526
2011-10-05,27.6149
2011-10-06,28.3723
2011-10-07,27.5818
2011-10-10,28.9584
2011-10-11,28.3834
2011-10-12,28.8478
2011-10-13,28.6598
2011-10-14,29.3232
2011-10-17,28.6875
2011-10-18,29.6992
2011-10-19,29.3564
2011-10-20,29.5223
2011-10-21,30.4953
2011-10-24,31.2527
2011-10-25,30.7441
2011-10-26,30.9707
2011-10-27,32.4413
2011-10-28,32.5077
2011-10-31,32.1428
2011-11-01,31.1089
2011-11-02,31.706
2011-11-03,32.1428
2011-11-04,31.8829
2011-11-07,31.8885
2011-11-08,32.3031
2011-11-09,30.827
2011-11-10,30.8215
2011-11-11,31.6507
2011-11-14,31.0647
2011-11-15,31.2969
2011-11-16,30.9984
2011-11-17,30.4289
2011-11-18,30.6224
2011-11-21,29.8484
2011-11-22,29.7102
2011-11-23,28.8146
2011-11-25,28.9418
2011-11-28,29.5886
2011-11-29,29.5444
2011-11-30,30.921
2011-12-01,30.6667
2011-12-02,30.639
2011-12-05,30.8989
2011-12-06,30.8491
2011-12-07,31.1863
2011-12-08,30.4787
2011-12-09,31.1476
2011-12-12,30.5948
2011-12-13,30.2354
2011-12-14,30.4124
2011-12-15,30.921
2011-12-16,31.2637
2011-12-19,30.9928
2011-12-20,31.9327
2011-12-21,31.9216
2011-12-22,32.3805
2011-12-23,32.5214
2011-12-27,32.6667
2011-12-28,32.2754
2011-12-29,32.5605
2011-12-30,32.4207
2012-01-03,32.6946
2012-01-04,32.1357
2012-01-05,32.4375
2012-01-06,32.3313
2012-01-09,32.2195
2012-01-10,32.5773
2012-01-11,32.8064
2012-01-12,32.5661
2012-01-13,32.6387
2012-01-17,32.907
2012-01-18,33.1362
2012-01-19,33.2648
2012-01-20,33.4716
2012-01-23,33.6337
2012-01-24,33.8909
2012-01-25,34.3269
2012-01-26,34.5672
2012-01-27,34.5784
2012-01-30,34.3213
2012-01-31,34.489
2012-02-01,34.83
2012-02-02,34.9082
2012-02-03,35.3945
2012-02-06,35.2827
2012-02-07,35.1933
2012-02-08,35.2548
2012-02-09,34.9976
2012-02-10,34.6734
2012-02-13,35.0256
2012-02-14,34.6679
2012-02-15,34.461
2012-02-16,34.8244
2012-02-17,34.8523
2012-02-21,34.3101
2012-02-22,34.0194
2012-02-23,34.4442
2012-02-24,34.489
2012-02-27,34.4331
2012-02-28,34.2318
2012-02-29,34.0921
2012-03-01,34.2989
2012-03-02,34.2486
2012-03-05,34.5952
2012-03-06,34.1368
2012-03-07,34.3213
2012-03-08,34.1424
2012-03-09,34.3101
2012-03-12,34.5616
2012-03-13,35.2603
2012-03-14,35.1653
2012-03-15,35.115
2012-03-16,35.3163
2012-03-19,35.5622
2012-03-20,35.5119
2012-03-21,35.4616
2012-03-22,34.9753
2012-03-23,35.1933
2012-03-26,35.6057
2012-03-27,35.6114
2012-03-28,35.555
2012-03-29,35.5719
2012-03-30,35.8649
2012-04-02,36.1185
2012-04-03,35.9776
2012-04-04,35.5832
2012-04-05,35.448
2012-04-09,35.0704
2012-04-10,34.3154
2012-04-11,34.7549
2012-04-12,35.2338
2012-04-13,35.0874
2012-04-16,35.5663
2012-04-17,35.8706
2012-04-18,35.6283
2012-04-19,35.6283
2012-04-20,36.0621
2012-04-23,35.6903
2012-04-24,36.2256
2012-04-25,36.6425
2012-04-26,36.7327
2012-04-27,36.9862
2012-04-30,36.8904
2012-05-01,37.2905
2012-05-02,37.2342
2012-05-03,37.1046
2012-05-04,36.7778
2012-05-07,37.037
2012-05-08,36.9693
2012-05-09,36.851
2012-05-10,36.8792
2012-05-11,36.9581
2012-05-14,36.4904
2012-05-15,36.2988
2012-05-16,35.8988
2012-05-17,34.8507
2012-05-18,34.4281
2012-05-21,35.1775
2012-05-22,35.2451
2012-05-23,35.2958
2012-05-24,35.4536
2012-05-25,35.3127
2012-05-29,35.8142
2012-05-30,34.9634
2012-05-31,35.2282
2012-06-01,34.3661
2012-06-04,34.1294
2012-06-05,34.8338
2012-06-06,35.6057
2012-06-07,35.3522
2012-06-08,35.8537
2012-06-11,35.0479
2012-06-12,35.3804
2012-06-13,35.2
2012-06-14,35.7128
2012-06-15,35.9326
2012-06-18,36.2312
2012-06-19,36.3777
2012-06-20,36.3608
2012-06-21,35.7691
2012-06-22,35.7748
2012-06-25,35.5924
2012-06-26,35.7117
2012-06-27,35.8538
2012-06-28,36.2457
2012-06-29,37.1718
2012-07-02,37.5808
2012-07-03,37.8024
2012-07-05,37.5695
2012-07-06,37.6603
2012-07-09,37.7001
2012-07-10,37.2968
2012-07-11,37.3365
2012-07-12,37.4502
2012-07-13,37.9103
2012-07-16,37.9842
2012-07-17,38.3478
2012-07-18,38.1205
2012-07-19,37.7228
2012-07-20,37.524
2012-07-23,37.2513
2012-07-24,37.1263
2012-07-25,37.1093
2012-07-26,37.4388
2012-07-27,37.7967
2012-07-30,37.9728
2012-07-31,37.916
2012-08-01,37.7342
2012-08-02,37.8421
2012-08-03,38.1376
2012-08-06,38.0978
2012-08-07,37.649
2012-08-08,37.3933
2012-08-09,37.274
2012-08-10,37.3252
2012-08-13,37.2968
2012-08-14,37.2172
2012-08-15,37.3877
2012-08-16,37.6717
2012-08-17,37.6831
2012-08-20,37.5751
2012-08-21,37.6547
2012-08-22,37.632
2012-08-23,37.5183
2012-08-24,37.6433
2012-08-27,37.7569
2012-08-28,37.8876
2012-08-29,37.8762
2012-08-30,37.791
2012-08-31,37.9103
2012-09-04,38.1773
2012-09-05,38.1092
2012-09-06,38.4501
2012-09-07,38.4841
2012-09-10,38.183
2012-09-11,38.2966
2012-09-12,38.3762
2012-09-13,38.8477
2012-09-14,39.0636
2012-09-17,38.95
2012-09-18,38.5807
2012-09-19,38.3648
2012-09-20,37.7967
2012-09-21,37.8024
2012-09-24,37.6621
2012-09-25,37.1066
2012-09-26,37.1009
2012-09-27,37.2613
2012-09-28,37.204
2012-10-01,36.9291
2012-10-02,37.2097
2012-10-03,37.2842
2012-10-04,37.2727
2012-10-05,37.3185
2012-10-08,37.2383
2012-10-09,37.1009
2012-10-10,37.2498
2012-10-11,37.2212
2012-10-12,37.0895
2012-10-15,37.3357
2012-10-16,37.5647
2012-10-17,37.4617
2012-10-18,37.8453
2012-10-19,37.5304
2012-10-22,37.3414
2012-10-23,36.9635
2012-10-24,36.9348
2012-10-25,36.8318
2012-10-26,36.5111
2012-10-31,36.8661
2012-11-01,37.0437
2012-11-02,37.2899
2012-11-05,37.0437
2012-11-06,37.204
2012-11-07,37.0379
2012-11-08,36.597
2012-11-09,36.4996
2012-11-12,36.4138
2012-11-13,36.3851
2012-11-14,35.7037
2012-11-15,35.5376
2012-11-16,35.7552
2012-11-19,36.1961
2012-11-20,36.4653
2012-11-21,36.4023
2012-11-23,36.6714
2012-11-26,36.7459
2012-11-27,36.5397
2012-11-28,36.4939
2012-11-29,36.6944
2012-11-30,36.7688
2012-12-03,36.9177
2012-12-04,36.9749
2012-12-05,36.8604
2012-12-06,37.204
2012-12-07,37.3414
2012-12-10,37.3242
2012-12-11,37.4159
2012-12-12,37.3128
2012-12-13,37.0265
2012-12-14,37.0207
2012-12-17,37.2154
2012-12-18,37.5991
2012-12-19,37.5476
2012-12-20,38.04
2012-12-21,37.977
2012-12-24,38.0275
2012-12-26,37.8478
2012-12-27,37.9869
2012-12-28,37.7377
2012-12-31,38.1376
2013-01-02,38.6129
2013-01-03,38.6071
2013-01-04,38.7867
2013-01-07,38.8737
2013-01-08,38.7983
2013-01-09,38.9085
2013-01-10,38.949
2013-01-11,38.9258
2013-01-14,39.036
2013-01-15,39.2214
2013-01-16,39.1751
2013-01-17,39.2968
2013-01-18,39.4649
2013-01-22,39.6677
2013-01-23,39.6561
2013-01-24,39.7373
2013-01-25,39.9633
2013-01-28,40.0676
2013-01-29,40.1836
2013-01-30,39.801
2013-01-31,39.5634
2013-02-01,39.7952
2013-02-04,39.7025
2013-02-05,39.6098
2013-02-06,39.7489
2013-02-07,39.5808
2013-02-08,39.9459
2013-02-11,40.0039
2013-02-12,40.3053
2013-02-13,40.2821
2013-02-14,40.114
2013-02-15,40.1314
2013-02-19,40.4502
2013-02-20,40.1894
2013-02-21,39.888
2013-02-22,40.2879
2013-02-25,39.5228
2013-02-26,39.7952
2013-02-27,40.085
2013-02-28,40.0445
2013-03-01,40.1778
2013-03-04,40.4792
2013-03-05,40.7979
2013-03-06,40.6762
2013-03-07,40.485
2013-03-08,40.5545
2013-03-11,40.5893
2013-03-12,40.4386
2013-03-13,40.4792
2013-03-14,40.7342
2013-03-15,40.8269
2013-03-18,40.6009
2013-03-19,40.4038
2013-03-20,40.5313
2013-03-21,40.4096
2013-03-22,40.6222
2013-03-25,40.6281
2013-03-26,40.9785
2013-03-27,41.0544
2013-03-28,41.1946
2013-04-01,41.3173
2013-04-02,41.4458
2013-04-03,41.2997
2013-04-04,41.9714
2013-04-05,42.1992
2013-04-08,42.538
2013-04-09,42.5438
2013-04-10,42.8067
2013-04-11,43.0578
2013-04-12,43.1629
2013-04-15,42.2693
2013-04-16,42.9702
2013-04-17,42.5146
2013-04-18,42.4504
2013-04-19,43.1045
2013-04-22,43.0461
2013-04-23,43.2856
2013-04-24,43.379
2013-04-25,43.233
2013-04-26,43.0928
2013-04-29,43.4608
2013-04-30,43.9689
2013-05-01,43.6185
2013-05-02,43.9047
2013-05-03,44.0799
2013-05-06,44.3077
2013-05-07,44.553
2013-05-08,44.5764
2013-05-09,44.2843
2013-05-10,44.4479
2013-05-13,44.6582
2013-05-14,44.8217
2013-05-15,45.2656
2013-05-16,45.032
2013-05-17,45.2831
2013-05-20,45.3882
2013-05-21,45.6452
2013-05-22,44.5355
2013-05-23,43.7003
2013-05-24,43.5893
2013-05-28,43.2155
2013-05-29,42.2985
2013-05-30,41.9013
2013-05-31,41.3406
2013-06-03,41.5743
2013-06-04,40.996
2013-06-05,40.6573
2013-06-06,41.3114
2013-06-07,41.3173
2013-06-10,40.961
2013-06-11,40.3535
2013-06-12,39.8045
2013-06-13,40.8383
2013-06-14,40.9902
2013-06-17,41.107
2013-06-18,41.3173
2013-06-19,40.0498
2013-06-20,38.3852
2013-06-21,38.905
2013-06-24,38.7287
2013-06-25,39.3774
2013-06-26,39.9729
2013-06-27,40.7748
2013-06-28,40.5213
2013-07-01,40.4329
2013-07-02,41.052
2013-07-03,40.7807
2013-07-05,40.5862
2013-07-08,40.6274
2013-07-09,41.2053
2013-07-10,41.223
2013-07-11,42.2195
2013-07-12,41.9601
2013-07-15,42.137
2013-07-16,42.1664
2013-07-17,42.3198
2013-07-18,42.6794
2013-07-19,42.65
2013-07-22,42.7797
2013-07-23,42.7325
2013-07-24,41.9011
2013-07-25,41.966
2013-07-26,42.0013
2013-07-29,41.6888
2013-07-30,41.565
2013-07-31,40.8869
2013-08-01,40.7277
2013-08-02,40.5272
2013-08-05,40.4977
2013-08-06,40.3562
2013-08-07,40.2501
2013-08-08,40.2677
2013-08-09,40.6215
2013-08-12,40.3326
2013-08-13,39.7783
2013-08-14,39.625
2013-08-15,38.8997
2013-08-16,37.9445
2013-08-19,37.4433
2013-08-20,38.2924
2013-08-21,38.2039
2013-08-22,38.4339
2013-08-23,38.8349
2013-08-26,38.7228
2013-08-27,38.5341
2013-08-28,38.2983
2013-08-29,38.3573
2013-08-30,38.0329
2013-09-03,37.7027
2013-09-04,38.027
2013-09-05,37.6261
2013-09-06,38.2098
2013-09-09,39.0059
2013-09-10,38.9764
2013-09-11,39.2889
2013-09-12,39.0354
2013-09-13,39.1474
2013-09-16,39.5366
2013-09-17,39.513
2013-09-18,40.8515
2013-09-19,40.8161
2013-09-20,40.1498
2013-09-23,39.8749
2013-09-24,39.5714
2013-09-25,39.7023
2013-09-26,39.9463
2013-09-27,39.7797
2013-09-30,39.3572
2013-10-01,39.9285
2013-10-02,39.9879
2013-10-03,39.2917
2013-10-04,39.2144
2013-10-07,39.3929
2013-10-08,38.9645
2013-10-09,38.9704
2013-10-10,39.9642
2013-10-11,40.3628
2013-10-14,40.3866
2013-10-15,40.2379
2013-10-16,40.9936
2013-10-17,41.6125
2013-10-18,41.5708
2013-10-21,41.3209
2013-10-22,41.7017
2013-10-23,41.7791
2013-10-24,41.7672
2013-10-25,42.2789
2013-10-28,41.9755
2013-10-29,41.7315
2013-10-30,41.3804
2013-10-31,41.1364
2013-11-01,41.3506
2013-11-04,41.428
2013-11-05,40.7496
2013-11-06,40.6901
2013-11-07,40.1843
2013-11-08,39.6428
2013-11-11,39.6845
2013-11-12,39.506
2013-11-13,39.7618
2013-11-14,40.0415
2013-11-15,40.1903
2013-11-18,39.9403
2013-11-19,39.6607
2013-11-20,39.1787
2013-11-21,39.4822
2013-11-22,39.3274
2013-11-25,39.143
2013-11-26,39.0061
2013-11-27,39.3393
2013-11-29,38.9764
2013-12-02,38.7502
2013-12-03,38.6729
2013-12-04,38.8157
2013-12-05,38.9526
2013-12-06,39.2322
2013-12-09,39.4226
2013-12-10,39.3215
2013-12-11,38.417
2013-12-12,38.2028
2013-12-13,38.298
2013-12-16,38.4289
2013-12-17,38.6074
2013-12-18,39.2917
2013-12-19,38.7502
2013-12-20,38.9882
2013-12-23,39.0656
2013-12-24,39.1007
2013-12-26,39.1309
2013-12-27,39.2155
2013-12-30,39.2276
2013-12-31,39.0161
2014-01-02,39.0221
2014-01-03,39.2397
2014-01-06,39.4391
2014-01-07,39.6144
2014-01-08,39.421
2014-01-09,39.421
2014-01-10,39.9588
2014-01-13,39.6929
2014-01-14,39.983
2014-01-15,40.2852
2014-01-16,40.3577
2014-01-17,40.122
2014-01-21,40.4846
2014-01-22,40.6599
2014-01-23,40.5632
2014-01-24,40.0555
2014-01-27,39.7473
2014-01-28,40.0797
2014-01-29,39.8621
2014-01-30,40.4665
2014-01-31,40.684
2014-02-03,40.0374
2014-02-04,40.5209
2014-02-05,40.4362
2014-02-06,40.7324
2014-02-07,41.0406
2014-02-10,41.4274
2014-02-11,41.5905
2014-02-12,41.6147
2014-02-13,41.7718
2014-02-14,41.935
2014-02-18,42.1405
2014-02-19,42.1163
2014-02-20,42.0257
2014-02-21,42.1284
2014-02-24,42.2311
2014-02-25,42.3701
2014-02-26,42.4668
2014-02-27,42.352
2014-02-28,42.7448
2014-03-03,42.769
2014-03-04,43.3854
2014-03-05,43.331
2014-03-06,42.9684
2014-03-07,42.5031
2014-03-10,42.2795
2014-03-11,42.5454
2014-03-12,42.6723
2014-03-13,42.4729
2014-03-14,42.5817
2014-03-17,42.6723
2014-03-18,42.7992
2014-03-19,41.9894
2014-03-20,42.0619
2014-03-21,42.4487
2014-03-24,42.1707
2014-03-25,42.5558
2014-03-26,42.0752
2014-03-27,42.3428
2014-03-28,42.5983
2014-03-31,42.9572
2014-04-01,43.1519
2014-04-02,43.1884
2014-04-03,43.0971
2014-04-04,43.2431
2014-04-07,43.383
2014-04-08,43.6507
2014-04-09,43.5412
2014-04-10,43.1275
2014-04-11,42.866
2014-04-14,43.1215
2014-04-15,43.6324
2014-04-16,43.9122
2014-04-17,43.6567
2014-04-21,43.9061
2014-04-22,44.0035
2014-04-23,43.8271
2014-04-24,44.0096
2014-04-25,43.8392
2014-04-28,44.1799
2014-04-29,44.2103
2014-04-30,44.3684
2014-05-01,44.557
2014-05-02,44.5448
2014-05-05,44.6361
2014-05-06,44.4779
2014-05-07,45.0132
2014-05-08,45.1166
2014-05-09,45.1471
2014-05-12,45.287
2014-05-13,44.995
2014-05-14,45.0132
2014-05-15,44.9889
2014-05-16,45.4025
2014-05-19,45.2201
2014-05-20,45.0801
2014-05-21,44.7821
2014-05-22,44.703
2014-05-23,45.0984
2014-05-27,45.4208
2014-05-28,45.1349
2014-05-29,45.2261
2014-05-30,45.4329
2014-06-02,45.5728
2014-06-03,45.5485
2014-06-04,45.6398
2014-06-05,46.4792
2014-06-06,46.2845
2014-06-09,45.7249
2014-06-10,45.3843
2014-06-11,45.2626
2014-06-12,45.1471
2014-06-13,45.2626
2014-06-16,45.0315
2014-06-17,45.1471
2014-06-18,45.4634
2014-06-19,45.8405
2014-06-20,45.9986
2014-06-23,45.8101
2014-06-24,45.8439
2014-06-25,45.7518
2014-06-26,45.7088
2014-06-27,46.0587
2014-06-30,45.9482
2014-07-01,46.1938
2014-07-02,46.0833
2014-07-03,45.8193
2014-07-07,45.9544
2014-07-08,46.0894
2014-07-09,46.1631
2014-07-10,46.3719
2014-07-11,46.378
2014-07-14,46.6052
2014-07-15,46.6359
2014-07-16,46.7832
2014-07-17,46.5438
2014-07-18,47.0042
2014-07-21,46.8323
2014-07-22,46.9797
2014-07-23,47.0656
2014-07-24,47.0042
2014-07-25,46.6788
2014-07-28,47.0042
2014-07-29,46.7771
2014-07-30,46.6788
2014-07-31,45.9851
2014-08-01,45.8746
2014-08-04,46.1938
2014-08-05,45.7211
2014-08-06,45.7027
2014-08-07,45.7272
2014-08-08,45.9973
2014-08-11,46.2859
2014-08-12,46.2122
2014-08-13,46.8814
2014-08-14,46.8507
2014-08-15,46.8016
2014-08-18,47.2621
2014-08-19,47.3603
2014-08-20,47.5752
2014-08-21,47.5015
2014-08-22,47.1209
2014-08-25,47.0165
2014-08-26,47.1086
2014-08-27,47.1393
2014-08-28,47.1332
2014-08-29,47.3849
2014-09-02,47.391
2014-09-03,47.5138
2014-09-04,47.3358
2014-09-05,47.8392
2014-09-08,47.7901
2014-09-09,47.4954
2014-09-10,46.7464
2014-09-11,46.7832
2014-09-12,45.3466
2014-09-15,45.1255
2014-09-16,45.5676
2014-09-17,45.5553
2014-09-18,45.1562
2014-09-19,45.2115
2014-09-22,44.8554
2014-09-23,44.53
2014-09-24,44.411
2014-09-25,44.2127
2014-09-26,44.8076
2014-09-29,44.7456
2014-09-30,44.5226
2014-10-01,44.5597
2014-10-02,44.4854
2014-10-03,44.7642
2014-10-06,44.882
2014-10-07,44.5287
2014-10-08,45.4954
2014-10-09,45.4954
2014-10-10,45.5388
2014-10-13,45.5822
2014-10-14,46.3196
2014-10-15,46.1399
2014-10-16,46.2142
2014-10-17,46.27
2014-10-20,46.9764
2014-10-21,47.404
2014-10-22,47.4164
2014-10-23,47.782
2014-10-24,47.7448
2014-10-27,48.098
2014-10-28,48.3087
2014-10-29,48.036
2014-10-30,48.3397
2014-10-31,48.9469
2014-11-03,49.3745
2014-11-04,49.4551
2014-11-05,49.3497
2014-11-06,48.9717
2014-11-07,48.9098
2014-11-10,49.3125
2014-11-11,49.1204
2014-11-12,48.7486
2014-11-13,49.0151
2014-11-14,48.6123
2014-11-17,48.8292
2014-11-18,49.0399
2014-11-19,48.5999
2014-11-20,48.761
2014-11-21,49.0647
2014-11-24,49.2382
2014-11-25,49.3249
2014-11-26,49.8021
2014-11-28,49.926
2014-12-01,49.8021
2014-12-02,50.1119
2014-12-03,50.0623
2014-12-04,50.1924
2014-12-05,49.9384
2014-12-08,50.2544
2014-12-09,50.4837
2014-12-10,50.4341
2014-12-11,50.5271
2014-12-12,50.0871
2014-12-15,49.4365
2014-12-16,49.3683
2014-12-17,50.5023
2014-12-18,50.8555
2014-12-19,50.8307
2014-12-22,51.6805
2014-12-23,51.5361
2014-12-24,51.3225
2014-12-26,51.5047
2014-12-29,51.7873
2014-12-30,51.7496
2014-12-31,50.8765
2015-01-02,51.6428
2015-01-05,51.9255
2015-01-06,52.4405
2015-01-07,53.2445
2015-01-08,53.4455
2015-01-09,53.4706
2015-01-12,53.8789
2015-01-13,53.7972
2015-01-14,54.262
2015-01-15,54.3877
2015-01-16,54.8587
2015-01-20,54.4254
2015-01-21,54.3877
2015-01-22,55.3549
2015-01-23,55.1979
2015-01-26,55.6627
2015-01-27,55.6816
2015-01-28,55.311
2015-01-29,55.5057
2015-01-30,54.3625
2015-02-02,54.2181
2015-02-03,54.6891
2015-02-04,54.463
2015-02-05,55.1162
2015-02-06,53.5146
2015-02-09,53.1377
2015-02-10,53.3073
2015-02-11,53.1503
2015-02-12,53.7847
2015-02-13,53.4267
2015-02-17,53.2948
2015-02-18,53.7909
2015-02-19,52.6352
2015-02-20,53.144
2015-02-23,53.5711
2015-02-24,52.5159
2015-02-25,52.5285
2015-02-26,51.9569
2015-02-27,52.3651
2015-03-02,52.6666
2015-03-03,52.5661
2015-03-04,52.0637
2015-03-05,52.2144
2015-03-06,50.4808
2015-03-09,50.8828
2015-03-10,50.8451
2015-03-11,50.8891
2015-03-12,51.7747
2015-03-13,51.7433
2015-03-16,52.2772
2015-03-17,52.2584
2015-03-18,53.3513
2015-03-19,53.3262
2015-03-20,54.664
2015-03-23,54.5949
2015-03-24,54.1301
2015-03-25,53.1962
2015-03-26,52.9182
2015-03-27,52.9877
2015-03-30,53.7459
2015-03-31,53.2721
2015-04-01,53.1962
2015-04-02,53.6006
2015-04-06,54.1567
2015-04-07,53.2026
2015-04-08,53.2847
2015-04-09,52.1789
2015-04-10,52.1411
2015-04-13,52.002
2015-04-14,52.1853
2015-04-15,51.7935
2015-04-16,51.9262
2015-04-17,51.6861
2015-04-20,51.7619
2015-04-21,51.8504
2015-04-22,51.9578
2015-04-23,52.0968
2015-04-24,52.2042
2015-04-27,52.1347
2015-04-28,52.0336
2015-04-29,50.9847
2015-04-30,50.157
2015-05-01,50.5361
2015-05-04,50.5867
2015-05-05,49.4872
2015-05-06,49.3925
2015-05-07,50.1507
2015-05-08,50.8521
2015-05-11,50.0875
2015-05-12,50.2391
2015-05-13,49.7589
2015-05-14,50.7194
2015-05-15,51.2375
2015-05-18,51.1048
2015-05-19,50.9279
2015-05-20,50.8836
2015-05-21,50.6435
2015-05-22,50.5803
2015-05-26,50.1949
2015-05-27,50.6878
2015-05-28,50.5867
2015-05-29,50.0053
2015-06-01,50.6183
2015-06-02,50.1507
2015-06-03,49.4304
2015-06-04,49.3356
2015-06-05,48.7859
2015-06-08,48.6974
2015-06-09,48.3436
2015-06-10,48.6848
2015-06-11,48.9817
2015-06-12,48.9375
2015-06-15,48.6721
2015-06-16,49.0639
2015-06-17,49.4809
2015-06-18,50.1633
2015-06-19,49.7779
2015-06-22,49.2661
2015-06-23,48.8554
2015-06-24,48.59
2015-06-25,48.0971
2015-06-26,48.4431
2015-06-29,47.6899
2015-06-30,47.6708
2015-07-01,48.4558
2015-07-02,48.5771
2015-07-06,48.8834
2015-07-07,49.6493
2015-07-08,49.4579
2015-07-09,49.2217
2015-07-10,49.6302
2015-07-13,49.7004
2015-07-14,49.8025
2015-07-15,49.8855
2015-07-16,50.2876
2015-07-17,50.1089
2015-07-20,50.1664
2015-07-21,50.0259
2015-07-22,50.2429
2015-07-23,49.6175
2015-07-24,49.8281
2015-07-27,49.9174
2015-07-28,49.9493
2015-07-29,50.2748
2015-07-30,50.0259
2015-07-31,50.4216
2015-08-03,50.7344
2015-08-04,50.3642
2015-08-05,50.0323
2015-08-06,50.1025
2015-08-07,50.2876
2015-08-10,50.1281
2015-08-11,50.4599
2015-08-12,50.6195
2015-08-13,50.6769
2015-08-14,50.9514
2015-08-17,51.3854
2015-08-18,51.5258
2015-08-19,51.2194
2015-08-20,50.8429
2015-08-21,49.8983
2015-08-24,47.5623
2015-08-25,46.2539
2015-08-26,47.5048
2015-08-27,48.4239
2015-08-28,48.3537
2015-08-31,47.2495
2015-09-01,46.3496
2015-09-02,46.8283
2015-09-03,46.9559
2015-09-04,46.0815
2015-09-08,46.7772
2015-09-09,46.2411
2015-09-10,46.3432
2015-09-11,47.2304
2015-09-14,47.2559
2015-09-15,47.7218
2015-09-16,48.2325
2015-09-17,48.7813
2015-09-18,48.6984
2015-09-21,49.1132
2015-09-22,48.4941
2015-09-23,48.7984
2015-09-24,48.3407
2015-09-25,48.5341
2015-09-28,47.7799
2015-09-29,48.2891
2015-09-30,48.6953
2015-10-01,48.9338
2015-10-02,49.2883
2015-10-05,50.1199
2015-10-06,50.0039
2015-10-07,50.5776
2015-10-08,51.003
2015-10-09,50.9192
2015-10-12,51.2802
2015-10-13,50.8805
2015-10-14,50.5002
2015-10-15,51.19
2015-10-16,51.5768
2015-10-19,52.2987
2015-10-20,52.2794
2015-10-21,52.086
2015-10-22,52.5437
2015-10-23,52.0344
2015-10-26,52.0215
2015-10-27,52.0022
2015-10-28,52.0473
2015-10-29,51.9764
2015-10-30,51.4994
2015-11-02,52.5953
2015-11-03,52.0667
2015-11-04,51.8346
2015-11-05,52.0409
2015-11-06,50.4229
2015-11-09,49.5591
2015-11-10,50.1263
2015-11-11,50.1843
2015-11-12,49.8427
2015-11-13,49.2754
2015-11-16,49.8427
2015-11-17,49.8427
2015-11-18,50.281
2015-11-19,50.4357
2015-11-20,51.0675
2015-11-23,51.1771
2015-11-24,50.9063
2015-11-25,51.1126
2015-11-27,51.5574
2015-11-30,51.1771
2015-12-01,51.8862
2015-12-02,50.829
2015-12-03,50.0296
2015-12-04,50.9837
2015-12-07,50.8419
2015-12-08,50.7967
2015-12-09,50.5131
2015-12-10,50.1521
2015-12-11,50.0619
2015-12-14,50.2939
2015-12-15,50.8419
2015-12-16,51.8346
2015-12-17,51.5768
2015-12-18,50.9772
2015-12-21,51.1771
2015-12-22,51.3833
2015-12-23,51.9115
2015-12-24,51.9115
2015-12-28,52.1991
2015-12-29,52.7547
2015-12-30,52.5717
2015-12-31,52.1141
2016-01-04,51.4866
2016-01-05,52.4801
2016-01-06,52.3364
2016-01-07,51.3167
2016-01-08,50.6304
2016-01-11,50.918
2016-01-12,50.5781
2016-01-13,49.8526
2016-01-14,49.7349
2016-01-15,49.395
2016-01-19,49.6565
2016-01-20,48.3231
2016-01-21,48.591
2016-01-22,49.944
2016-01-25,49.6303
2016-01-26,50.6696
2016-01-27,49.6891
2016-01-28,49.31
2016-01-29,50.3231
2016-02-01,50.4081
2016-02-02,49.9506
2016-02-03,50.2839
2016-02-04,50.3101
2016-02-05,49.3558
2016-02-08,47.9439
2016-02-09,47.0615
2016-02-10,47.3884
2016-02-11,46.7151
2016-02-12,47.2511
2016-02-16,48.1204
2016-02-17,48.5322
2016-02-18,49.0224
2016-02-19,49.3035
2016-02-22,49.7741
2016-02-23,49.6434
2016-02-24,49.5845
2016-02-25,50.5977
2016-02-26,50.3362
2016-02-29,50.1401
2016-03-01,51.552
2016-03-02,51.9246
2016-03-03,52.1991
2016-03-04,52.2056
2016-03-07,52.3429
2016-03-08,51.8069
2016-03-09,52.0945
2016-03-10,51.905
2016-03-11,53.0684
2016-03-14,53.075
2016-03-15,53.1011
2016-03-16,53.7417
2016-03-17,54.4999
2016-03-18,54.2646
2016-03-21,53.7748
2016-03-22,53.7748
2016-03-23,53.484
2016-03-24,53.5038
2016-03-28,53.9863
2016-03-29,55.1562
2016-03-30,55.0504
2016-03-31,55.3875
2016-04-01,55.3148
2016-04-04,55.2355
2016-04-05,54.872
2016-04-06,55.0042
2016-04-07,54.6605
2016-04-08,54.9645
2016-04-11,54.8521
2016-04-12,55.2487
2016-04-13,55.0042
2016-04-14,54.7001
2016-04-15,55.1099
2016-04-18,55.3743
2016-04-19,55.4007
2016-04-20,54.4622
2016-04-21,53.4906
2016-04-22,54.0722
2016-04-25,54.5217
2016-04-26,54.7332
2016-04-27,54.7001
2016-04-28,54.5878
2016-04-29,54.0854
2016-05-02,54.9249
2016-05-03,55.0108
2016-05-04,55.7973
2016-05-05,55.9559
2016-05-06,56.5706
2016-05-09,57.1919
2016-05-10,57.1853
2016-05-11,55.9625
2016-05-12,56.2864
2016-05-13,55.7841
2016-05-16,56.3128
2016-05-17,55.2685
2016-05-18,54.4027
2016-05-19,53.7946
2016-05-20,54.2242
2016-05-23,54.2309
2016-05-24,54.905
2016-05-25,54.905
2016-05-26,55.0108
2016-05-27,55.3082
2016-05-31,55.3016
2016-06-01,55.3479
2016-06-02,55.6321
2016-06-03,55.8568
2016-06-06,55.4272
2016-06-07,55.7642
2016-06-08,56.1212
2016-06-09,56.2467
2016-06-10,55.9824
2016-06-13,55.9956
2016-06-14,55.8502
2016-06-15,56.3789
2016-06-16,56.6962
2016-06-17,56.6037
2016-06-20,56.683
2016-06-21,56.899
2016-06-22,56.8124
2016-06-23,57.0991
2016-06-24,56.5923
2016-06-27,56.6323
2016-06-28,57.826
2016-06-29,58.5263
2016-06-30,59.1331
2016-07-01,59.1531
2016-07-05,59.8067
2016-07-06,59.5466
2016-07-07,58.9331
2016-07-08,59.8867
2016-07-11,60.2868
2016-07-12,60.2802
2016-07-13,60.6136
2016-07-14,60.0734
2016-07-15,60.0935
2016-07-18,60.2535
2016-07-19,60.5469
2016-07-20,60.5536
2016-07-21,60.6737
2016-07-22,61.2072
2016-07-25,61.0938
2016-07-26,60.7937
2016-07-27,60.3202
2016-07-28,60.8804
2016-07-29,61.654
2016-08-01,61.7874
2016-08-02,60.8004
2016-08-03,60.4469
2016-08-04,60.2002
2016-08-05,60.2402
2016-08-08,60.3469
2016-08-09,60.6737
2016-08-10,60.607
2016-08-11,59.92
2016-08-12,60.1735
2016-08-15,60.1135
2016-08-16,59.3932
2016-08-17,59.6333
2016-08-18,59.4132
2016-08-19,59.0331
2016-08-22,59.3532
2016-08-23,59.3866
2016-08-24,59.1265
2016-08-25,59.3932
2016-08-26,58.8063
2016-08-29,59.3866
2016-08-30,59.2732
2016-08-31,59.3332
2016-09-01,59.1865
2016-09-02,59.7
2016-09-06,60.1601
2016-09-07,60.5203
2016-09-08,59.78
2016-09-09,57.4125
2016-09-12,58.0928
2016-09-13,56.6343
2016-09-14,56.8156
2016-09-15,57.0305
2016-09-16,57.0573
2016-09-19,57.5744
2016-09-20,57.4871
2016-09-21,58.2258
2016-09-22,59.2666
2016-09-23,59.4479
2016-09-26,59.5889
2016-09-27,58.9577
2016-09-28,59.4411
2016-09-29,58.6488
2016-09-30,58.2459
2016-10-03,57.1581
2016-10-04,56.3791
2016-10-05,55.2376
2016-10-06,55.2577
2016-10-07,55.1637
2016-10-10,55.5062
2016-10-11,54.969
2016-10-12,55.6002
2016-10-13,56.0367
2016-10-14,55.7882
2016-10-17,55.9091
2016-10-18,56.265
2016-10-19,56.3858
2016-10-20,56.2583
2016-10-21,56.0501
2016-10-24,56.1777
2016-10-25,56.077
2016-10-26,55.345
2016-10-27,53.8946
2016-10-28,54.0222
2016-10-31,54.9018
2016-11-01,53.7066
2016-11-02,52.9209
2016-11-03,52.5113
2016-11-04,52.9276
2016-11-07,53.8543
2016-11-08,54.1363
2016-11-09,53.3171
2016-11-10,52.424
2016-11-11,52.7396
2016-11-14,53.9886
2016-11-15,53.5387
2016-11-16,53.3842
2016-11-17,52.8403
2016-11-18,52.9948
2016-11-21,52.8336
2016-11-22,53.7603
2016-11-23,53.532
2016-11-25,53.8409
2016-11-28,54.0893
2016-11-29,54.6063
2016-11-30,53.9819
2016-12-01,53.1895
2016-12-02,53.72
2016-12-05,54.1162
2016-12-06,54.4653
2016-12-07,55.5532
2016-12-08,55.9359
2016-12-09,55.8755
2016-12-12,56.2448
2016-12-13,56.218
2016-12-14,54.9891
2016-12-15,54.6668
2016-12-16,55.486
2016-12-19,56.0837
2016-12-20,56.2113
2016-12-21,55.3584
2016-12-22,55.2659
2016-12-23,55.4099
2016-12-27,55.5264
2016-12-28,55.1905
2016-12-29,55.8761
2016-12-30,56.5822
2017-01-03,56.7673
2017-01-04,57.5969
2017-01-05,57.782
2017-01-06,57.7889
2017-01-09,57.2678
2017-01-10,56.7811
2017-01-11,56.4314
2017-01-12,56.7193
2017-01-13,56.6371
2017-01-17,57.0758
2017-01-18,57.1718
2017-01-19,56.5891
2017-01-20,57.0004
2017-01-23,57.4804
2017-01-24,57.4941
2017-01-25,57.117
2017-01-26,57.0073
2017-01-27,56.452
2017-01-30,56.068
2017-01-31,56.4725
2017-02-01,55.7938
2017-02-02,56.4588
2017-02-03,56.7673
2017-02-06,56.6714
2017-02-07,56.4725
2017-02-08,56.9182
2017-02-09,57.0553
2017-02-10,57.4598
2017-02-13,57.4804
2017-02-14,57.1787
2017-02-15,56.9867
2017-02-16,57.3227
2017-02-17,57.4324
2017-02-21,58.1659
2017-02-22,57.974
2017-02-23,58.2757
2017-02-24,58.5499
2017-02-27,58.8584
2017-02-28,58.4539
2017-03-01,58.2757
2017-03-02,57.9603
2017-03-03,57.734
2017-03-06,57.4735
2017-03-07,57.1993
2017-03-08,56.1434
2017-03-09,55.3002
2017-03-10,55.1288
2017-03-13,55.2659
2017-03-14,55.2522
2017-03-15,56.3697
2017-03-16,56.26
2017-03-17,56.5205
2017-03-20,56.4725
2017-03-21,56.2257
2017-03-22,56.1946
2017-03-23,56.609
2017-03-24,56.5468
2017-03-27,56.0358
2017-03-28,56.2775
2017-03-29,56.5952
2017-03-30,56.6988
2017-03-31,57.0372
2017-04-03,57.2029
2017-04-04,57.2029
2017-04-05,57.2858
2017-04-06,57.5897
2017-04-07,57.6725
2017-04-10,58.0317
2017-04-11,58.4322
2017-04-12,58.3286
2017-04-13,58.1974
2017-04-17,58.9018
2017-04-18,59.0607
2017-04-19,58.9778
2017-04-20,58.9847
2017-04-21,58.7706
2017-04-24,58.1214
2017-04-25,58.3631
2017-04-26,57.9281
2017-04-27,57.7761
2017-04-28,57.1753
2017-05-01,57.5137
2017-05-02,57.417
2017-05-03,56.6504
2017-05-04,56.3742
2017-05-05,56.906
2017-05-08,56.5054
2017-05-09,56.2015
2017-05-10,56.6435
2017-05-11,56.3604
2017-05-12,56.1325
2017-05-15,56.2982
2017-05-16,55.9184
2017-05-17,56.1463
2017-05-18,56.4571
2017-05-19,56.7609
2017-05-22,56.9819
2017-05-23,57.0303
2017-05-24,57.493
2017-05-25,57.4999
2017-05-26,57.0855
2017-05-30,56.7264
2017-05-31,56.7609
2017-06-01,57.0579
2017-06-02,57.6449
2017-06-05,57.3963
2017-06-06,57.12
2017-06-07,57.5206
2017-06-08,57.3825
2017-06-09,57.783
2017-06-12,58.301
2017-06-13,58.4322
2017-06-14,58.5151
2017-06-15,58.812
2017-06-16,58.6601
2017-06-19,58.667
2017-06-20,58.5289
2017-06-21,58.4115
2017-06-22,58.4667
2017-06-23,58.6696
2017-06-26,59.0879
2017-06-27,58.5581
2017-06-28,58.6975
2017-06-29,58.0282
2017-06-30,58.0282
2017-07-03,58.7672
2017-07-05,57.9376
2017-07-06,56.8499
2017-07-07,57.1706
2017-07-10,56.6477
2017-07-11,56.585
2017-07-12,57.2822
2017-07-13,57.3728
2017-07-14,57.9236
2017-07-17,58.3907
2017-07-18,58.2652
2017-07-19,58.7045
2017-07-20,58.4326
2017-07-21,58.3907
2017-07-24,58.2792
2017-07-25,58.3559
2017-07-26,58.7603
2017-07-27,58.83
2017-07-28,58.6696
2017-07-31,58.7463
2017-08-01,59.0112
2017-08-02,58.4744
2017-08-03,58.3559
2017-08-04,58.5511
2017-08-07,58.4883
2017-08-08,58.2094
2017-08-09,58.0142
2017-08-10,57.5959
2017-08-11,57.2403
2017-08-14,58.1955
2017-08-15,58.0212
2017-08-16,58.2513
2017-08-17,57.8888
2017-08-18,57.3031
2017-08-21,57.9166
2017-08-22,57.7493
2017-08-23,58.3419
2017-08-24,58.1607
2017-08-25,58.4395
2017-08-28,57.9933
2017-08-29,57.9306
2017-08-30,58.2583
2017-08-31,58.5929
2017-09-01,58.7951
2017-09-05,58.6348
2017-09-06,58.7881
2017-09-07,59.1646
2017-09-08,59.2134
2017-09-11,59.7573
2017-09-12,59.0531
2017-09-13,58.8997
2017-09-14,59.3877
2017-09-15,59.4993
2017-09-18,59.1786
2017-09-19,58.7881
2017-09-20,58.6278
2017-09-21,58.5162
2017-09-22,58.1035
2017-09-25,58.4416
2017-09-26,58.5402
2017-09-27,58.0119
2017-09-28,58.4063
2017-09-29,58.5261
2017-10-02,58.4416
2017-10-03,58.357
2017-10-04,58.6529
2017-10-05,58.8642
2017-10-06,58.674
2017-10-09,58.8149
2017-10-10,58.991
2017-10-11,59.1882
2017-10-12,59.5686
2017-10-13,59.7235
2017-10-16,59.4277
2017-10-17,59.4981
2017-10-18,59.4347
2017-10-19,59.2586
2017-10-20,58.9205
2017-10-23,58.6951
2017-10-24,58.343
2017-10-25,58.1739
2017-10-26,57.6949
2017-10-27,57.9556
2017-10-30,57.9063
2017-10-31,57.8992
2017-11-01,58.181
2017-11-02,58.674
2017-11-03,58.5261
2017-11-06,58.9205
2017-11-07,59.3995
2017-11-08,59.6954
2017-11-09,59.7587
2017-11-10,59.8221
2017-11-13,60.125
2017-11-14,59.9982
2017-11-15,59.3925
2017-11-16,59.8855
2017-11-17,59.6249
2017-11-20,59.4488
2017-11-21,59.8926
2017-11-22,59.7587
2017-11-24,59.8362
2017-11-27,59.5545
2017-11-28,59.3291
2017-11-29,59.3502
2017-11-30,59.4418
2017-12-01,59.5827
2017-12-04,59.2868
2017-12-05,58.7938
2017-12-06,58.7374
2017-12-07,58.8853
2017-12-08,59.1882
2017-12-11,59.1812
2017-12-12,59.47
2017-12-13,59.5686
2017-12-14,59.5545
2017-12-15,59.9278
2017-12-18,60.3222
2017-12-19,59.0403
2017-12-20,58.357
2017-12-21,58.131
2017-12-22,58.5316
2017-12-26,58.8248
2017-12-27,59.018
2017-12-28,59.3327
2017-12-29,59.3541
2018-01-02,59.1324
2018-01-03,58.9607
2018-01-04,57.945
2018-01-05,57.9737
2018-01-08,58.2741
2018-01-09,57.523
2018-01-10,56.8793
2018-01-11,56.6862
2018-01-12,56.2284
2018-01-16,56.3356
2018-01-17,56.729
2018-01-18,55.9995
2018-01-19,56.2999
2018-01-22,56.8149
2018-01-23,57.6017
2018-01-24,57.3013
2018-01-25,57.2011
2018-01-26,57.0009
2018-01-29,56.2355
2018-01-30,55.8278
2018-01-31,56.8292
2018-02-01,55.6061
2018-02-02,55.134
2018-02-05,53.496
2018-02-06,53.5031
2018-02-07,53.2742
2018-02-08,51.7435
2018-02-09,53.0382
2018-02-12,53.0597
2018-02-13,53.4316
2018-02-14,53.0453
2018-02-15,53.5603
2018-02-16,53.8536
2018-02-20,53.217
2018-02-21,52.1656
2018-02-22,52.7593
2018-02-23,53.6033
2018-02-26,53.7535
2018-02-27,52.5017
2018-02-28,52.466
2018-03-01,52.516
2018-03-02,52.4946
2018-03-05,53.0883
2018-03-06,53.3386
2018-03-07,53.6677
2018-03-08,53.7678
2018-03-09,54.061
2018-03-12,54.2971
2018-03-13,54.3472
2018-03-14,54.3972
2018-03-15,54.3829
2018-03-16,54.762
2018-03-19,54.2899
2018-03-20,54.104
2018-03-21,53.7034
2018-03-22,53.3887
2018-03-23,52.4374
2018-03-26,53.0339
2018-03-27,53.2362
2018-03-28,54.5723
2018-03-29,54.5073
2018-04-02,53.7706
2018-04-03,54.2256
2018-04-04,54.7962
2018-04-05,54.7745
2018-04-06,54.3629
2018-04-09,54.1895
2018-04-10,54.1317
2018-04-11,54.2473
2018-04-12,53.6406
2018-04-13,53.9223
2018-04-16,54.2545
2018-04-17,54.8901
2018-04-18,54.7745
2018-04-19,53.9801
2018-04-20,53.4817
2018-04-23,53.4384
2018-04-24,53.6406
2018-04-25,53.5395
2018-04-26,54.2401
2018-04-27,55.1718
2018-04-30,54.9551
2018-05-01,55.4534
2018-05-02,55.2512
2018-05-03,55.2151
2018-05-04,55.8218
2018-05-07,56.1973
2018-05-08,55.9157
2018-05-09,56.2912
2018-05-10,56.7318
2018-05-11,56.5368
2018-05-14,56.0529
2018-05-15,55.1429
2018-05-16,54.9768
2018-05-17,54.7023
2018-05-18,54.7745
2018-05-21,55.4245
2018-05-22,55.504
2018-05-23,56.0601
2018-05-24,55.9446
2018-05-25,56.1396
2018-05-29,56.4068
2018-05-30,57.1724
2018-05-31,56.9773
2018-06-01,57.2301
2018-06-04,57.7285
2018-06-05,57.5768
2018-06-06,57.714
2018-06-07,57.714
2018-06-08,57.9235
2018-06-11,57.8368
2018-06-12,58.1835
2018-06-13,57.0496
2018-06-14,57.5912
2018-06-15,57.5551
2018-06-18,57.5712
2018-06-19,57.5129
2018-06-20,58.1543
2018-06-21,58.4313
2018-06-22,58.8905
2018-06-25,58.7375
2018-06-26,58.927
2018-06-27,58.701
2018-06-28,59.2259
2018-06-29,59.3716
2018-07-02,59.0436
2018-07-03,59.4883
2018-07-05,60.1953
2018-07-06,60.5161
2018-07-09,60.035
2018-07-10,60.1589
2018-07-11,59.9621
2018-07-12,60.1443
2018-07-13,59.9621
2018-07-16,59.6413
2018-07-17,59.2477
2018-07-18,58.9853
2018-07-19,59.6778
2018-07-20,59.102
2018-07-23,58.978
2018-07-24,58.6792
2018-07-25,59.1457
2018-07-26,59.3425
2018-07-27,58.7083
2018-07-30,58.7448
2018-07-31,59.7288
2018-08-01,60.1516
2018-08-02,59.911
2018-08-03,60.5598
2018-08-06,60.4796
2018-08-07,60.3703
2018-08-08,60.0204
2018-08-09,60.0496
2018-08-10,59.5903
2018-08-13,59.4737
2018-08-14,59.7653
2018-08-15,60.2245
2018-08-16,60.7129
2018-08-17,61.2742
2018-08-20,61.3179
2018-08-21,60.9461
2018-08-22,60.6035
2018-08-23,60.4505
2018-08-24,60.8076
2018-08-27,60.589
2018-08-28,61.4054
2018-08-29,61.4199
2018-08-30,61.0263
2018-08-31,61.2669
2018-09-04,60.5379
2018-09-05,60.8878
2018-09-06,61.0628
2018-09-07,60.3995
2018-09-10,60.6691
2018-09-11,60.6618
2018-09-12,60.691
2018-09-13,60.9899
2018-09-14,60.6035
2018-09-17,60.8004
2018-09-18,60.5088
2018-09-19,59.8017
2018-09-20,60.363
2018-09-21,60.3411
2018-09-24,59.2575
2018-09-25,59.2649
2018-09-26,58.5554
2018-09-27,58.8362
2018-09-28,59.6345
2018-10-01,59.0801
2018-10-02,58.9471
2018-10-03,58.3188
2018-10-04,57.831
2018-10-05,57.8014
2018-10-08,58.6366
2018-10-09,58.718
2018-10-10,57.8458
2018-10-11,56.1901
2018-10-12,56.0422
2018-10-15,56.4192
2018-10-16,57.5797
2018-10-17,57.3579
2018-10-18,57.2471
2018-10-19,57.7423
2018-10-22,56.9366
2018-10-23,57.1879
2018-10-24,57.7275
2018-10-25,58.4667
2018-10-26,57.0623
2018-10-29,57.7866
2018-10-30,58.5775
2018-10-31,57.8901
2018-11-01,58.1636
2018-11-02,57.6831
2018-11-05,58.5406
2018-11-06,58.8362
2018-11-07,59.5384
2018-11-08,59.5828
2018-11-09,59.5754
2018-11-12,59.6937
2018-11-13,59.6345
2018-11-14,59.4867
2018-11-15,59.0801
2018-11-16,59.7158
2018-11-19,59.7971
2018-11-20,59.1836
2018-11-21,59.2354
2018-11-23,59.1171
2018-11-26,59.228
2018-11-27,59.4793
2018-11-28,60.0115
2018-11-29,60.0262
2018-11-30,60.5954
2018-12-03,60.9206
2018-12-04,60.0189
2018-12-06,61.5046
2018-12-07,60.6989
2018-12-10,60.3071
2018-12-11,60.3367
2018-12-12,59.4054
2018-12-13,59.7487
2018-12-14,59.5766
2018-12-17,57.3327
2018-12-18,57.9236
2018-12-19,57.2878
2018-12-20,56.4277
2018-12-21,55.6423
2018-12-24,53.6601
2018-12-26,55.4553
2018-12-27,55.4478
2018-12-28,55.6273
2018-12-31,55.7769
2019-01-02,54.5652
2019-01-03,54.9467
2019-01-04,55.5899
2019-01-07,56.1359
2019-01-08,57.2953
2019-01-09,57.213
2019-01-10,57.9909
2019-01-11,58.1555
2019-01-14,57.961
2019-01-15,58.5145
2019-01-16,58.9259
2019-01-17,59.2101
2019-01-18,59.4121
2019-01-22,59.2326
2019-01-23,59.2401
2019-01-24,59.442
2019-01-25,60.1825
2019-01-28,60.7734
2019-01-29,61.2521
2019-01-30,61.7458
2019-01-31,62.3891
2019-02-01,61.9926
2019-02-04,62.4564
2019-02-05,62.8154
2019-02-06,62.404
2019-02-07,62.9201
2019-02-08,62.9201
2019-02-11,63.0922
2019-02-12,62.6957
2019-02-13,63.0174
2019-02-14,63.2193
2019-02-15,63.6457
2019-02-19,63.6307
2019-02-20,63.2343
2019-02-21,63.2941
2019-02-22,63.6681
2019-02-25,63.167
2019-02-26,62.9725
2019-02-27,62.6583
2019-02-28,62.8229
2019-03-01,62.6284
2019-03-04,62.9127
2019-03-05,63.0847
2019-03-06,62.793
2019-03-07,62.6583
2019-03-08,62.7256
2019-03-11,63.6457
2019-03-12,63.9374
2019-03-13,64.2515
2019-03-14,64.3488
2019-03-15,64.1468
2019-03-18,63.8252
2019-03-19,63.6307
2019-03-20,63.8252
2019-03-21,64.9621
2019-03-22,64.4909
2019-03-25,64.5732
2019-03-26,65.0893
2019-03-27,64.9023
2019-03-28,65.532
2019-03-29,65.4718
2019-04-01,65.4341
2019-04-02,65.8937
2019-04-03,65.8183
2019-04-04,65.7129
2019-04-05,66.1724
2019-04-08,65.8032
2019-04-09,65.4567
2019-04-10,66.0594
2019-04-11,66.0142
2019-04-12,66.3306
2019-04-15,65.9916
2019-04-16,64.5
2019-04-17,63.9124
2019-04-18,64.4021
2019-04-22,63.694
2019-04-23,64.5376
2019-04-24,65.0123
2019-04-25,64.8767
2019-04-26,65.3889
2019-04-29,64.7486
2019-04-30,65.3663
2019-05-01,65.4191
2019-05-02,65.4869
2019-05-03,66.0443
2019-05-06,65.8334
2019-05-07,64.6432
2019-05-08,64.5753
2019-05-09,64.7411
2019-05-10,65.4341
2019-05-13,65.3663
2019-05-14,65.6074
2019-05-15,66.0519
2019-05-16,66.3155
2019-05-17,66.1874
2019-05-20,65.2307
2019-05-21,65.7882
2019-05-22,65.984
2019-05-23,66.1347
2019-05-24,66.3381
2019-05-28,65.6827
2019-05-29,64.8089
2019-05-30,65.08
2019-05-31,65.4567
2019-06-03,65.6149
2019-06-04,65.3211
2019-06-05,66.6847
2019-06-06,66.8127
2019-06-07,67.0613
2019-06-10,66.8429
2019-06-11,67.0237
2019-06-12,67.2496
2019-06-13,67.5359
2019-06-14,67.5736
2019-06-17,68.2968
2019-06-18,68.229
2019-06-19,68.5981
2019-06-20,68.9446
2019-06-21,67.9729
2019-06-24,67.7393
2019-06-25,66.7374
2019-06-26,65.404
2019-06-27,66.2459
2019-06-28,66.4741
2019-07-01,66.4437
2019-07-02,67.5998
2019-07-03,68.406
2019-07-05,68.1626
2019-07-08,68.406
2019-07-09,68.6341
2019-07-10,69.0296
2019-07-11,68.1322
2019-07-12,68.0409
2019-07-15,67.9877
2019-07-16,67.8279
2019-07-17,67.5998
2019-07-18,67.5998
2019-07-19,66.4969
2019-07-22,66.4361
2019-07-23,67.1891
2019-07-24,67.2423
2019-07-25,66.8468
2019-07-26,67.151
2019-07-29,67.3336
2019-07-30,67.8736
2019-07-31,67.6074
2019-08-01,67.6074
2019-08-02,67.9344
2019-08-05,66.5958
2019-08-06,67.3336
2019-08-07,67.9877
2019-08-08,69.1818
2019-08-09,69.0981
2019-08-12,68.9156
2019-08-13,69.0144
2019-08-14,67.9648
2019-08-15,68.6417
2019-08-16,69.3491
2019-08-19,69.8511
2019-08-20,69.3567
2019-08-21,69.6457
2019-08-22,69.9652
2019-08-23,68.984
2019-08-26,69.5164
2019-08-27,69.3187
2019-08-28,69.5468
2019-08-29,70.0869
2019-08-30,70.1401
2019-09-03,70.8398
2019-09-04,71.433
2019-09-05,70.9159
2019-09-06,71.0756
2019-09-09,70.7333
2019-09-10,70.0032
2019-09-11,70.0792
2019-09-12,70.4519
2019-09-13,69.699
2019-09-16,70.3074
2019-09-17,71.068
2019-09-18,70.8246
2019-09-19,71.0756
2019-09-20,71.0756
2019-09-23,71.1897
2019-09-24,71.0317
2019-09-25,71.1697
2019-09-26,71.7678
2019-09-27,71.3691
2019-09-30,71.4918
2019-10-01,70.8171
2019-10-02,70.5181
2019-10-03,71.2004
2019-10-04,71.6297
2019-10-07,71.4764
2019-10-08,71.1007
2019-10-09,71.2387
2019-10-10,71.3537
2019-10-11,71.3231
2019-10-14,71.3537
2019-10-15,71.4457
2019-10-16,71.4534
2019-10-17,71.9211
2019-10-18,72.4731
2019-10-21,73.0251
2019-10-22,72.8104
2019-10-23,72.9714
2019-10-24,72.7874
2019-10-25,72.1664
2019-10-28,71.7294
2019-10-29,72.1664
2019-10-30,72.4271
2019-10-31,72.2967
2019-11-01,72.2814
2019-11-04,71.7754
2019-11-05,70.5564
2019-11-06,70.7098
2019-11-07,70.0044
2019-11-08,69.8357
2019-11-11,69.9891
2019-11-12,69.4601
2019-11-13,70.0964
2019-11-14,70.6407
2019-11-15,71.0241
2019-11-18,71.3691
2019-11-19,71.4918
2019-11-20,71.4534
2019-11-21,70.4491
2019-11-22,70.1884
2019-11-25,70.4107
2019-11-26,71.3461
2019-11-27,71.6834
2019-11-29,71.3537
2019-12-02,70.2727
2019-12-03,70.7251
2019-12-04,71.0164
2019-12-05,71.0547
2019-12-06,71.2004
2019-12-09,71.3384
2019-12-10,70.9244
2019-12-11,70.2038
2019-12-12,69.2531
2019-12-13,69.2684
2019-12-16,69.7667
2019-12-17,69.1074
2019-12-18,69.9497
2019-12-19,70.5696
2019-12-20,70.9571
2019-12-23,70.6006
2019-12-24,70.7866
2019-12-26,71.0966
2019-12-27,71.3213
2019-12-30,71.391
2019-12-31,71.9025
2020-01-02,71.0578
2020-01-03,71.4995
2020-01-06,71.5848
2020-01-07,70.7866
2020-01-08,71.0036
2020-01-09,70.9648
2020-01-10,71.5072
2020-01-13,72.3674
2020-01-14,72.0962
2020-01-15,72.7471
2020-01-16,73.3283
2020-01-17,73.398
2020-01-21,74.0954
2020-01-22,73.5995
2020-01-23,74.2194
2020-01-24,73.9637
2020-01-27,73.6072
2020-01-28,73.9017
2020-01-29,73.6305
2020-01-30,73.6847
2020-01-31,72.7858
2020-02-03,73.026
2020-02-04,73.7777
2020-02-05,73.8242
2020-02-06,74.0722
2020-02-07,74.0567
2020-02-10,74.8858
2020-02-11,75.4515
2020-02-12,75.9009
2020-02-13,76.3581
2020-02-14,77.1485
2020-02-18,77.0632
2020-02-19,76.0249
2020-02-20,76.9315
2020-02-21,77.1562
2020-02-24,76.1024
2020-02-25,74.0412
2020-02-26,73.243
2020-02-27,69.3453
2020-02-28,67.6715
2020-03-02,70.5619
2020-03-03,70.3992
2020-03-04,73.0571
2020-03-05,71.4918
2020-03-06,70.2597
2020-03-09,64.8432
2020-03-10,67.5827
2020-03-11,63.5218
2020-03-12,57.0868
2020-03-13,62.0692
2020-03-16,51.0658
2020-03-17,54.0178
2020-03-18,48.8791
2020-03-19,49.0509
2020-03-20,46.6066
2020-03-23,44.4434
2020-03-24,48.4418
2020-03-25,51.0502
2020-03-26,54.6503
2020-03-27,54.705
2020-03-30,55.8998
2020-03-31,54.5488
2020-04-01,50.9643
2020-04-02,51.1361
2020-04-03,50.3942
2020-04-06,54.1271
2020-04-07,54.6269
2020-04-08,58.352
2020-04-09,61.6241
2020-04-13,59.0314
2020-04-14,60.687
2020-04-15,58.2817
2020-04-16,57.6179
2020-04-17,59.4375
2020-04-20,57.2274
2020-04-21,56.1888
2020-04-22,57.0478
2020-04-23,56.5714
2020-04-24,56.8135
2020-04-27,58.758
2020-04-28,59.2422
2020-04-29,60.1325
2020-04-30,59.4375
2020-05-01,57.4305
2020-05-04,57.1493
2020-05-05,57.4305
2020-05-06,56.3996
2020-05-07,57.204
2020-05-08,58.5628
2020-05-11,57.7116
2020-05-12,55.0876
2020-05-13,53.7522
2020-05-14,53.9397
2020-05-15,53.7288
2020-05-18,56.9072
2020-05-19,56.1419
2020-05-20,56.6417
2020-05-21,56.6886
2020-05-22,57.4539
2020-05-26,59.6015
2020-05-27,60.7885
2020-05-28,61.0775
2020-05-29,60.4683
2020-06-01,61.8662
2020-06-02,62.366
2020-06-03,64.3652
2020-06-04,63.7248
2020-06-05,66.138
2020-06-08,67.7779
2020-06-09,66.6534
2020-06-10,64.9587
2020-06-11,60.7885
2020-06-12,62.9673
2020-06-15,63.8576
2020-06-16,65.1149
2020-06-17,64.17
2020-06-18,63.4671
2020-06-19,62.5456
2020-06-22,62.4832
2020-06-23,62.2254
2020-06-24,60.4527
2020-06-25,61.2248
2020-06-26,60.0497
2020-06-29,61.209
2020-06-30,61.9346
2020-07-01,63.3621
2020-07-02,63.1807
2020-07-06,63.1492
2020-07-07,61.8952
2020-07-08,61.8084
2020-07-09,61.422
2020-07-10,61.6113
2020-07-13,60.8778
2020-07-14,61.3904
2020-07-15,61.9898
2020-07-16,61.2485
2020-07-17,62.0451
2020-07-20,61.3037
2020-07-21,61.4535
2020-07-22,62.392
2020-07-23,62.1318
2020-07-24,61.6744
2020-07-27,62.258
2020-07-28,63.4962
2020-07-29,64.7265
2020-07-30,64.3085
2020-07-31,64.1902
2020-08-03,63.3385
2020-08-04,64.2849
2020-08-05,63.9615
2020-08-06,64.064
2020-08-07,64.9789
2020-08-10,65.0814
2020-08-11,64.1429
2020-08-12,64.7896
2020-08-13,63.9931
2020-08-14,64.001
2020-08-17,64.5215
2020-08-18,64.2139
2020-08-19,63.0861
2020-08-20,63.6855
2020-08-21,63.788
2020-08-24,64.1981
2020-08-25,64.3637
2020-08-26,63.7723
2020-08-27,64.7108
2020-08-28,65.1366
2020-08-31,64.4742
2020-09-01,64.5215
2020-09-02,65.7203
2020-09-03,64.9316
2020-09-04,64.5925
2020-09-08,63.8038
2020-09-09,64.4347
2020-09-10,63.646
2020-09-11,63.2911
2020-09-14,64.8369
2020-09-15,65.6178
2020-09-16,65.9648
2020-09-17,64.6792
2020-09-18,63.2202
2020-09-21,61.3195
2020-09-22,62.0529
2020-09-23,60.1838
2020-09-24,60.5071
2020-09-25,61.7549
2020-09-28,63.0187
2020-09-29,62.5656
2020-09-30,62.7564
2020-10-01,64.0121
2020-10-02,65.1169
2020-10-05,65.4904
2020-10-06,65.0613
2020-10-07,65.1566
2020-10-08,66.2455
2020-10-09,65.9832
2020-10-12,66.2932
2020-10-13,65.1566
2020-10-14,64.3619
2020-10-15,64.6957
2020-10-16,64.2347
2020-10-19,63.2332
2020-10-20,63.6863
2020-10-21,63.4955
2020-10-22,63.4876
2020-10-23,63.8691
2020-10-26,62.9551
2020-10-27,61.9457
2020-10-28,60.4674
2020-10-29,61.2781
2020-10-30,60.8727
2020-11-02,62.3272
2020-11-03,63.5273
2020-11-04,63.6386
2020-11-05,63.9406
2020-11-06,63.5035
2020-11-09,65.7527
2020-11-10,66.7144
2020-11-11,66.9688
2020-11-12,66.0945
2020-11-13,67.8589
2020-11-16,68.6219
2020-11-17,68.6855
2020-11-18,67.3503
2020-11-19,67.6125
2020-11-20,67.2469
2020-11-23,67.3741
2020-11-24,67.7317
2020-11-25,67.7715
2020-11-27,67.4695
2020-11-30,66.7621
2020-12-01,67.6205
2020-12-02,67.088
2020-12-03,67.6523
2020-12-04,68.6855
2020-12-07,68.0894
2020-12-08,67.851
2020-12-09,67.4297
2020-12-10,67.1357
2020-12-11,67.0721
2020-12-14,66.778
2020-12-15,68.145
2020-12-16,68.2245
2020-12-17,68.8842
2020-12-18,67.5012
2020-12-21,67.1198
2020-12-22,67.5887
2020-12-23,67.1515
2020-12-24,67.7395
2020-12-28,68.1432
2020-12-29,67.5618
2020-12-30,67.9333
2020-12-31,68.5874
2021-01-04,66.3585
2021-01-05,66.4554
2021-01-06,66.5685
2021-01-07,66.4393
2021-01-08,67.0853
2021-01-11,66.197
2021-01-12,66.3504
2021-01-13,67.158
2021-01-14,67.5537
2021-01-15,68.329
2021-01-19,68.1352
2021-01-20,69.4354
2021-01-21,69.1043
2021-01-22,69.2658
2021-01-25,69.7907
2021-01-26,70.2833
2021-01-27,69.0397
2021-01-28,69.4111
2021-01-29,68.6117
2021-02-01,70.1783
2021-02-02,70.5983
2021-02-03,70.4206
2021-02-04,70.9052
2021-02-05,71.1555
2021-02-08,71.5431
2021-02-09,71.7935
2021-02-10,72.1811
2021-02-11,72.3346
2021-02-12,72.3507
2021-02-16,71.7935
2021-02-17,71.7047
2021-02-18,71.3978
2021-02-19,71.8096
2021-02-22,72.4073
2021-02-23,72.8595
2021-02-24,73.4167
2021-02-25,72.0115
2021-02-26,70.9617
2021-03-01,71.2766
2021-03-02,70.5902
2021-03-03,70.1864
2021-03-04,69.3869
2021-03-05,70.146
2021-03-08,70.7517
2021-03-09,71.2201
2021-03-10,71.9308
2021-03-11,72.7707
2021-03-12,73.9901
2021-03-15,75.0884
2021-03-16,74.7815
2021-03-17,74.8461
2021-03-18,74.087
2021-03-19,73.0776
2021-03-22,73.5944
2021-03-23,73.4894
2021-03-24,73.0776
2021-03-25,73.8216
2021-03-26,75.4137
2021-03-29,74.9751
2021-03-30,75.0725
2021-03-31,74.6177
2021-04-01,75.9742
2021-04-05,76.2666
2021-04-06,76.4616
2021-04-07,76.5184
2021-04-08,76.2341
2021-04-09,76.1448
2021-04-12,76.5915
2021-04-13,76.9733
2021-04-14,76.5672
2021-04-15,77.9075
2021-04-16,78.0781
2021-04-19,78.2324
2021-04-20,78.8741
2021-04-21,79.394
2021-04-22,78.9634
2021-04-23,79.4265
2021-04-26,79.662
2021-04-27,79.6539
2021-04-28,79.4833
2021-04-29,80.1657
2021-04-30,80.4824
2021-05-03,80.3281
2021-05-04,79.8082
2021-05-05,78.4842
2021-05-06,78.9228
2021-05-07,79.9626
2021-05-10,79.9382
2021-05-11,78.9309
2021-05-12,76.9327
2021-05-13,77.9318
2021-05-14,78.8578
2021-05-17,78.9391
2021-05-18,78.9553
2021-05-19,78.7035
2021-05-20,79.5889
2021-05-21,79.5077
2021-05-24,80.4987
2021-05-25,80.4743
2021-05-26,80.8317
2021-05-27,80.6449
2021-05-28,81.1323
2021-06-01,82.5944
2021-06-02,83.5611
2021-06-03,83.2524
2021-06-04,83.293
2021-06-07,84.2758
2021-06-08,84.9745
2021-06-09,85.0882
2021-06-10,85.6974
2021-06-11,85.3562
2021-06-14,85.6893
2021-06-15,84.7714
2021-06-16,84.219
2021-06-17,84.1134
2021-06-18,82.6838
2021-06-21,84.3896
2021-06-22,83.951
2021-06-23,83.8047
2021-06-24,83.6239
2021-06-25,84.1884
2021-06-28,83.943
2021-06-29,83.7139
2021-06-30,83.2722
2021-07-01,83.6321
2021-07-02,83.8857
2021-07-06,84.4993
2021-07-07,84.7938
2021-07-08,84.5566
2021-07-09,85.9473
2021-07-12,86.6835
2021-07-13,85.4728
2021-07-14,86.07
2021-07-15,86.2091
2021-07-16,86.1518
2021-07-19,84.5811
2021-07-20,86.5772
2021-07-21,86.569
2021-07-22,85.8818
2021-07-23,86.5936
2021-07-26,86.6345
2021-07-27,87.1253
2021-07-28,86.8226
2021-07-29,86.839
2021-07-30,86.9535
2021-08-02,86.7654
2021-08-03,86.8717
2021-08-04,86.6018
2021-08-05,87.6162
2021-08-06,87.4607
2021-08-09,86.9944
2021-08-10,86.1682
2021-08-11,86.6754
2021-08-12,86.8635
2021-08-13,87.338
2021-08-16,87.2317
2021-08-17,87.1417
2021-08-18,86.3482
2021-08-19,86.7654
2021-08-20,87.199
2021-08-23,87.0353
2021-08-24,86.6508
2021-08-25,86.5936
2021-08-26,86.6263
2021-08-27,87.5344
2021-08-30,88.4097
2021-08-31,88.8269
2021-09-01,90.2504
2021-09-02,90.7249
2021-09-03,90.7412
2021-09-07,89.7186
2021-09-08,90.1686
2021-09-09,88.3361
2021-09-10,87.0435
2021-09-13,87.6325
2021-09-14,87.4771
2021-09-15,87.7552
2021-09-16,87.8288
2021-09-17,87.0435
2021-09-20,86.5118
2021-09-21,86.5527
2021-09-22,87.3953
2021-09-23,87.2235
2021-09-24,86.2909
2021-09-27,85.1302
2021-09-28,84.554
2021-09-29,85.1878
2021-09-30,83.7802
2021-10-01,84.9656
2021-10-04,84.9821
2021-10-05,84.3976
2021-10-06,85.2043
2021-10-07,85.4348
2021-10-08,84.6281
2021-10-11,84.8421
2021-10-12,85.9534
2021-10-13,86.579
2021-10-14,87.6326
2021-10-15,87.5667
2021-10-18,87.789
2021-10-19,87.8302
2021-10-20,89.2131
2021-10-21,89.3365
2021-10-22,89.7563
2021-10-25,90.0444
2021-10-26,90.2914
2021-10-27,89.5258
2021-10-28,90.777
2021-10-29,89.7563
2021-11-01,90.2008
2021-11-02,90.6289
2021-11-03,90.9334
2021-11-04,90.0691
2021-11-05,90.5301
2021-11-08,90.456
2021-11-09,90.6124
2021-11-10,90.1926
2021-11-11,90.3408
2021-11-12,90.2749
2021-11-15,90.9087
2021-11-16,90.3078
2021-11-17,90.5877
2021-11-18,90.6041
2021-11-19,90.0691
2021-11-22,89.6246
2021-11-23,90.349
2021-11-24,91.4438
2021-11-26,88.9002
2021-11-29,89.5588
2021-11-30,87.8631
2021-12-01,86.4143
2021-12-02,89.0072
2021-12-03,88.7109
2021-12-06,90.2667
2021-12-07,91.5673
2021-12-08,92.2258
2021-12-09,90.8923
2021-12-10,91.1721
2021-12-13,92.0282
2021-12-14,90.8511
2021-12-15,92.127
2021-12-16,92.0941
2021-12-17,91.9788
2021-12-20,91.2627
2021-12-21,92.2916
2021-12-22,93.2383
2021-12-23,93.1394
2021-12-27,94.7206
2021-12-28,95.0696
2021-12-29,95.7094
2021-12-30,96.1248
2021-12-31,96.3907
2022-01-03,95.6346
2022-01-04,95.5183
2022-01-05,92.7847
2022-01-06,92.8678
2022-01-07,92.2529
2022-01-10,91.7212
2022-01-11,91.8624
2022-01-12,91.9704
2022-01-13,91.7876
2022-01-14,90.9567
2022-01-18,90.0012
2022-01-19,88.7881
2022-01-20,87.6498
2022-01-21,87.4338
2022-01-24,87.6
2022-01-25,87.251
2022-01-26,85.8884
2022-01-27,84.4675
2022-01-28,87.2012
2022-01-31,88.273
2022-02-01,87.9573
2022-02-02,89.0789
2022-02-03,88.1317
2022-02-04,87.2593
2022-02-07,87.1347
2022-02-08,86.7275
2022-02-09,88.6884
2022-02-10,86.5946
2022-02-11,85.8053
2022-02-14,85.0242
2022-02-15,85.7886
2022-02-16,86.1875
2022-02-17,85.2735
2022-02-18,84.7584
2022-02-22,84.4509
2022-02-23,83.0551
2022-02-24,84.4509
2022-02-25,86.4866
2022-02-28,85.1987
2022-03-01,84.7501
2022-03-02,86.337
2022-03-03,87.0433
2022-03-04,87.4421
2022-03-07,85.7139
2022-03-08,85.2985
2022-03-09,86.6112
2022-03-10,86.8273
2022-03-11,86.1376
2022-03-14,85.4646
2022-03-15,86.0379
2022-03-16,87.0599
2022-03-17,88.4059
2022-03-18,88.4059
2022-03-21,87.8659
2022-03-22,88.0902
2022-03-23,87.1019
2022-03-24,87.6533
2022-03-25,88.7477
2022-03-28,89.6917
2022-03-29,92.3233
2022-03-30,91.655
2022-03-31,90.5355
2022-04-01,92.2983
2022-04-04,91.8471
2022-04-05,91.396
2022-04-06,92.482
2022-04-07,91.5631
2022-04-08,91.7135
2022-04-11,90.7277
2022-04-12,90.594
2022-04-13,91.2373
2022-04-14,90.8446
2022-04-18,90.477
2022-04-19,92.4486
2022-04-20,93.9858
2022-04-21,93.3342
2022-04-22,91.6968
2022-04-25,91.4628
2022-04-26,89.959
2022-04-27,89.3659
2022-04-28,91.0117
2022-04-29,86.8346
2022-05-02,84.7376
2022-05-03,85.7903
2022-05-04,86.7761
2022-05-05,84.4619
2022-05-06,83.4594
2022-05-09,79.7835
2022-05-10,78.3299
2022-05-11,78.1628
2022-05-12,78.7727
2022-05-13,80.8529
2022-05-16,80.3433
2022-05-17,81.4377
2022-05-18,79.0734
2022-05-19,78.7225
2022-05-20,79.2238
2022-05-23,80.1427
2022-05-24,80.8195
2022-05-25,81.5045
2022-05-26,81.6048
2022-05-27,83.7936
2022-05-31,82.766
2022-06-01,82.0809
2022-06-02,83.2088
2022-06-03,82.0976
2022-06-06,81.8387
2022-06-07,82.9665
2022-06-08,81.0534
2022-06-09,79.1319
2022-06-10,77.3775
2022-06-13,73.5094
2022-06-14,72.9497
2022-06-15,74.679
2022-06-16,72.7158
2022-06-17,73.2672
2022-06-21,74.2864
2022-06-22,75.2304
2022-06-23,76.6597
2022-06-24,78.2908
2022-06-27,78.1731
2022-06-28,77.223
2022-06-29,76.7438
2022-06-30,76.6009
2022-07-01,77.9797
2022-07-05,77.7611
2022-07-06,77.6182
2022-07-07,77.8284
2022-07-08,77.4164
2022-07-11,77.2482
2022-07-12,76.9456
2022-07-13,76.5756
2022-07-14,75.8862
2022-07-15,77.1726
2022-07-18,76.6261
2022-07-19,78.6103
2022-07-20,78.4253
2022-07-21,79.0474
2022-07-22,79.4594
2022-07-25,79.5939
2022-07-26,79.678
2022-07-27,80.1572
2022-07-28,82.7551
2022-07-29,83.2008
2022-08-01,82.5282
2022-08-02,81.4688
2022-08-03,81.7294
2022-08-04,81.6033
2022-08-05,81.8303
2022-08-08,82.5618
2022-08-09,83.0158
2022-08-10,84.2769
2022-08-11,84.0751
2022-08-12,85.5212
2022-08-15,85.8659
2022-08-16,85.6389
2022-08-17,85.1261
2022-08-18,84.5628
2022-08-19,83.6716
2022-08-22,81.8471
2022-08-23,80.7962
2022-08-24,81.2586
2022-08-25,82.4693
2022-08-26,80.3926
2022-08-29,79.6696
2022-08-30,78.5682
2022-08-31,78.1983
2022-09-01,78.3412
2022-09-02,77.2482
2022-09-06,77.9461
2022-09-07,79.4678
2022-09-08,79.6864
2022-09-09,80.5524
2022-09-12,81.3343
2022-09-13,78.2235
2022-09-14,77.3323
2022-09-15,75.903
2022-09-16,75.9114
2022-09-19,75.8021
2022-09-20,73.9609
2022-09-21,72.7922
2022-09-22,71.8674
2022-09-23,70.9122
2022-09-26,68.9235
2022-09-27,68.0057
2022-09-28,69.4164
2022-09-29,67.3768
2022-09-30,68.1331
2022-10-03,69.3484
2022-10-04,70.7507
2022-10-05,69.3654
2022-10-06,67.4363
2022-10-07,65.813
2022-10-10,65.1926
2022-10-11,65.8555
2022-10-12,65.1672
2022-10-13,66.357
2022-10-14,64.7082
2022-10-17,67.1473
2022-10-18,67.8782
2022-10-19,66.187
2022-10-20,65.898
2022-10-21,66.4164
2022-10-24,66.4079
2022-10-25,69.017
2022-10-26,68.9745
2022-10-27,69.0765
2022-10-28,70.5977
2022-10-31,70.5213
2022-11-01,70.4958
2022-11-02,68.5581
2022-11-03,68.4646
2022-11-04,69.3994
2022-11-07,69.3994
2022-11-08,69.6119
2022-11-09,68.898
2022-11-10,73.9377
2022-11-11,73.9292
2022-11-14,72.1275
2022-11-15,72.9093
2022-11-16,72.2465
2022-11-17,71.7535
2022-11-18,72.6629
2022-11-21,73.0453
2022-11-22,73.4448
2022-11-23,73.5042
2022-11-25,73.9717
2022-11-28,71.9915
2022-11-29,73.1813
2022-11-30,74.8555
2022-12-01,74.694
2022-12-02,74.4731
2022-12-05,73.1133
2022-12-06,72.4249
2022-12-07,72.5694
2022-12-08,73.0793
2022-12-09,72.9433
2022-12-12,73.5042
2022-12-13,74.864
2022-12-14,74.3541
2022-12-15,73.3598
2022-12-16,71.4646
2022-12-19,70.5552
2022-12-20,70.3768
2022-12-21,70.9802
2022-12-22,70.682
2022-12-23,71.3111
2022-12-27,71.2853
2022-12-28,70.07
2022-12-29,71.6042
2022-12-30,71.087
2023-01-03,71.156
2023-01-04,72.7677
2023-01-05,70.8113
2023-01-06,72.716
2023-01-09,72.7418
2023-01-10,72.9056
2023-01-11,75.5171
2023-01-12,76.4737
2023-01-13,75.9997
2023-01-17,76.2152
2023-01-18,75.1034
2023-01-19,74.6897
2023-01-20,75.5774
2023-01-23,75.9221
2023-01-24,76.1117
2023-01-25,76.1462
2023-01-26,76.9995
2023-01-27,77.8613
2023-01-30,76.8702
2023-01-31,78.4819
2023-02-01,78.9645
2023-02-02,80.7572
2023-02-03,79.2403
2023-02-06,78.6629
2023-02-07,78.4905
2023-02-08,78.1199
2023-02-09,77.2666
2023-02-10,77.5338
2023-02-13,78.2233
2023-02-14,77.6028
2023-02-15,77.913
2023-02-16,77.1546
2023-02-17,76.853
2023-02-21,75.3102
2023-02-22,74.6293
2023-02-23,75.1895
2023-02-24,73.8709
2023-02-27,73.9829
2023-02-28,73.8795
2023-03-01,72.9487
2023-03-02,73.8019
2023-03-03,74.9224
2023-03-06,74.6293
2023-03-07,72.8883
2023-03-08,73.7244
2023-03-09,72.0351
2023-03-10,69.6477
2023-03-13,70.5613
2023-03-14,71.2422
2023-03-15,71.1905
2023-03-16,71.0353
2023-03-17,69.4236
2023-03-20,70.2166
2023-03-21,69.9063
2023-03-22,67.2948
2023-03-23,66.8725
2023-03-24,68.5874
2023-03-27,68.509
2023-03-28,68.3437
2023-03-29,69.8583
2023-03-30,70.7724
2023-03-31,72.2871
2023-04-03,71.7125
2023-04-04,71.6168
2023-04-05,71.2337
2023-04-06,71.7212
2023-04-10,72.052
2023-04-11,72.3567
2023-04-12,72.0085
2023-04-13,71.7909
2023-04-14,70.6766
2023-04-17,72.1478
2023-04-18,71.9824
2023-04-19,72.4089
2023-04-20,71.6951
2023-04-21,71.7038
2023-04-24,71.434
2023-04-25,70.7289
2023-04-26,70.0498
2023-04-27,71.6342
2023-04-28,72.5134
2023-05-01,71.9737
2023-05-02,70.755
2023-05-03,70.4764
2023-05-04,71.0596
2023-05-05,72.2435
2023-05-08,71.8257
2023-05-09,71.521
2023-05-10,72.2087
2023-05-11,71.4165
2023-05-12,71.4078
2023-05-15,71.286
2023-05-16,69.5014
2023-05-17,70.4416
2023-05-18,70.1021
2023-05-19,69.9889
2023-05-22,70.4155
2023-05-23,69.7539
2023-05-24,68.2566
2023-05-25,68.2479
2023-05-26,69.0314
2023-05-30,69.2925
2023-05-31,69.6407
2023-06-01,69.6494
2023-06-02,71.3469
2023-06-05,70.8507
2023-06-06,71.5297
2023-06-07,72.8442
2023-06-08,72.3915
2023-06-09,71.9737
2023-06-12,71.9911
2023-06-13,72.4525
2023-06-14,72.7223
2023-06-15,73.1053
2023-06-16,73.0531
2023-06-20,72.1913
2023-06-21,71.756
2023-06-22,70.7289
2023-06-23,69.7539
2023-06-26,71.3643
2023-06-27,72.2435
2023-06-28,72.348
2023-06-29,73.1562
2023-06-30,73.5611
2023-07-03,74.283
2023-07-05,74.4502
2023-07-06,73.878
2023-07-07,73.7108
2023-07-10,74.0277
2023-07-11,75.0841
2023-07-12,75.489
2023-07-13,75.9732
2023-07-14,75.8236
2023-07-17,75.3306
2023-07-18,74.9168
2023-07-19,75.7619
2023-07-20,75.5155
2023-07-21,75.8676
2023-07-24,76.4926
2023-07-25,75.9468
2023-07-26,76.2902
2023-07-27,74.6351
2023-07-28,74.5735
2023-07-31,75.0577
2023-08-01,74.9344
2023-08-02,74.5031
2023-08-03,73.6932
2023-08-04,73.0945
2023-08-07,74.0101
2023-08-08,73.5347
2023-08-09,73.5259
2023-08-10,73.2442
2023-08-11,73.3586
2023-08-14,72.8744
2023-08-15,72.0557
2023-08-16,71.1666
2023-08-17,70.5944
2023-08-18,70.8144
2023-08-21,70.163
2023-08-22,70.3655
2023-08-23,71.4747
2023-08-24,71.2018
2023-08-25,71.2546
2023-08-28,71.9237
2023-08-29,72.7952
2023-08-30,73.0593
2023-08-31,72.5223
2023-09-01,72.6455
2023-09-05,71.8004
2023-09-06,71.6508
2023-09-07,72.0997
2023-09-08,71.818
2023-09-11,71.8268
2023-09-12,71.7916
2023-09-13,71.0081
2023-09-14,72.2934
2023-09-15,72.0205
2023-09-18,71.3779
2023-09-19,71.0521
2023-09-20,71.1138
2023-09-21,68.6928
2023-09-22,68.1734
2023-09-25,68.1118
2023-09-26,66.8705
2023-09-27,66.4216
2023-09-28,67.0589
2023-09-29,67.2545
2023-10-02,66.0189
2023-10-03,64.73
2023-10-04,65.5211
2023-10-05,65.8855
2023-10-06,66.0633
2023-10-09,66.7833
2023-10-10,67.1033
2023-10-11,68.2678
2023-10-12,67.2722
2023-10-13,67.1033
2023-10-16,67.9034
2023-10-17,67.8056
2023-10-18,66.3656
2023-10-19,64.7922
2023-10-20,64.3566
2023-10-23,63.7255
2023-10-24,64.5433
2023-10-25,63.1566
2023-10-26,64.3655
2023-10-27,63.3344
2023-10-30,63.7344
2023-10-31,64.8189
2023-11-01,65.2189
2023-11-02,67.3611
2023-11-03,68.97
2023-11-06,67.9745
2023-11-07,67.4145
2023-11-08,67.6367
2023-11-09,66.57
2023-11-10,67.1922
2023-11-13,66.6322
2023-11-14,70.3301
2023-11-15,70.5345
2023-11-16,70.3834
2023-11-17,70.3301
2023-11-20,70.8456
2023-11-21,70.3478
2023-11-22,70.6945
2023-11-24,70.899
2023-11-27,71.1568
2023-11-28,71.6279
2023-11-29,72.1256
2023-11-30,72.6501
2023-12-01,74.4368
2023-12-04,74.979
2023-12-05,74.4812
2023-12-06,74.259
2023-12-07,74.4724
2023-12-08,74.3479
2023-12-11,74.5524
2023-12-12,74.5079
2023-12-13,77.3613
2023-12-14,79.5925
2023-12-15,78.4724
2023-12-18,78.2946
2023-12-19,78.8902
2023-12-20,77.9302
2023-12-21,78.6213
2023-12-22,78.9272
2023-12-26,79.5122
2023-12-27,79.8991
2023-12-28,80.466
2023-12-29,79.5122
2024-01-02,80.1961
2024-01-03,78.2793
2024-01-04,78.1354
2024-01-05,77.9374
2024-01-08,79.0532
2024-01-09,78.5223
2024-01-10,78.6123
2024-01-11,77.8834
2024-01-12,78.3513
2024-01-16,77.7754
2024-01-17,76.3536
2024-01-18,75.9397
2024-01-19,76.8485
2024-01-22,77.3075
2024-01-23,76.7766
2024-01-24,75.6787
2024-01-25,76.6506
2024-01-26,76.4346
2024-01-29,76.9386
2024-01-30,76.2186
2024-01-31,75.4898
2024-02-01,76.8575
2024-02-02,75.9037
2024-02-05,74.3109
2024-02-06,75.3098
2024-02-07,75.2018
2024-02-08,75.8137
2024-02-09,75.9307
2024-02-12,75.9487
2024-02-13,74.3829
2024-02-14,74.9678
2024-02-15,76.7136
2024-02-16,75.9217
2024-02-20,75.7867
2024-02-21,76.2096
2024-02-22,76.3536
2024-02-23,76.3176
2024-02-26,75.4808
2024-02-27,75.5707
2024-02-28,76.3356
2024-02-29,76.9835
2024-03-01,77.9014
2024-03-04,78.6303
2024-03-05,77.6764
2024-03-06,78.0634
2024-03-07,78.0454
2024-03-08,78.9452
2024-03-11,78.5673
2024-03-12,78.3963
2024-03-13,78.0004
2024-03-14,76.8306
2024-03-15,76.6596
2024-03-18,76.6956
2024-03-19,76.6686
2024-03-20,77.1725
2024-03-21,77.7304
2024-03-22,76.7521
2024-03-25,76.2802
2024-03-26,75.9716
2024-03-27,77.9319
2024-03-28,78.4855
2024-04-01,77.1695
2024-04-02,76.1985
2024-04-03,76.2802
2024-04-04,75.7901
2024-04-05,76.1803
2024-04-08,76.9971
2024-04-09,78.0227
2024-04-10,74.7918
2024-04-11,75.0459
2024-04-12,74.1565
2024-04-15,72.895
2024-04-16,71.8694
2024-04-17,71.343
2024-04-18,71.3521
2024-04-19,71.697
2024-04-22,72.3323
2024-04-23,72.9948
2024-04-24,73.1309
2024-04-25,72.7134
2024-04-26,72.7498
2024-04-29,73.4939
2024-04-30,72.2506
2024-05-01,72.2778
2024-05-02,73.2943
2024-05-03,73.7844
2024-05-06,73.8479
2024-05-07,74.5467
2024-05-08,73.9205
2024-05-09,75.4361
2024-05-10,75.2274
2024-05-13,75.4724
2024-05-14,76.0533
2024-05-15,77.106
2024-05-16,77.0516
2024-05-17,77.0425
2024-05-20,76.5887
2024-05-21,76.5615
2024-05-22,75.8717
2024-05-23,74.2382
2024-05-24,74.2926
2024-05-28,73.8025
2024-05-29,73.0855
2024-05-30,74.1565
2024-05-31,75.545
2024-06-03,75.3726
2024-06-04,75.9534
2024-06-05,75.8627
2024-06-06,76.0079
2024-06-07,75.2909
2024-06-10,75.545
2024-06-11,75.2728
2024-06-12,75.9444
2024-06-13,76.2529
2024-06-14,76.2348
2024-06-17,75.9353
2024-06-18,76.2348
2024-06-20,76.017
2024-06-21,76.2076
2024-06-24,76.7975
2024-06-25,75.8536
2024-06-26,75.6176
2024-06-27,76.3527
2024-06-28,76.9619
2024-07-01,76.2361
2024-07-02,76.5944
2024-07-03,76.5209
2024-07-05,76.7322
2024-07-08,76.9803
2024-07-09,76.9619
2024-07-10,77.5316
2024-07-11,79.7552
2024-07-12,80.3616
2024-07-15,80.9038
2024-07-16,81.8961
2024-07-17,82.4566
2024-07-18,81.7307
2024-07-19,81.5837
2024-07-22,82.429
2024-07-23,82.3647
2024-07-24,81.1519
2024-07-25,80.8854
2024-07-26,82.3004
2024-07-29,82.7231
2024-07-30,83.3662
2024-07-31,83.0722
2024-08-01,83.9084
2024-08-02,83.8624
2024-08-05,81.4642
2024-08-06,83.0722
2024-08-07,82.5025
2024-08-08,83.3111
2024-08-09,83.697
2024-08-12,83.0814
2024-08-13,83.8073
2024-08-14,84.0278
2024-08-15,83.9635
2024-08-16,83.9175
2024-08-19,84.6159
2024-08-20,84.5148
2024-08-21,84.965
2024-08-22,85.2131
2024-08-23,87.0875
2024-08-26,87.0508
2024-08-27,87.1794
2024-08-28,86.8395
2024-08-29,86.573
2024-08-30,87.4091
2024-09-03,87.3632
2024-09-04,87.6113
2024-09-05,87.3264
2024-09-06,87.2437
2024-09-09,88.2177
2024-09-10,89.4949
2024-09-11,89.3203
2024-09-12,89.6971
2024-09-13,90.6343
2024-09-16,90.9375
2024-09-17,90.3035
2024-09-18,90.1932
2024-09-19,90.2116
2024-09-20,89.8533
2024-09-23,90.7445
2024-09-24,90.8732
2024-09-25,90.2667
2024-09-26,89.449
2024-09-27,89.5629
2024-09-30,90.2671
2024-10-01,89.6834
2024-10-02,89.3683
2024-10-03,88.553
2024-10-04,88.1267
2024-10-07,87.3484
2024-10-08,87.5245
2024-10-09,87.6171
2024-10-10,86.8388
2024-10-11,87.821
2024-10-14,88.3491
2024-10-15,89.4147
2024-10-16,90.3968
2024-10-17,89.6834
2024-10-18,90.3505
2024-10-21,88.5808
2024-10-22,88.7105
2024-10-23,89.3591
2024-10-24,89.5537
2024-10-25,88.7105
2024-10-28,88.9885
2024-10-29,88.3491
2024-10-30,88.7383
2024-10-31,87.2372
2024-11-01,86.2736
2024-11-04,87.2187
2024-11-05,88.3769
2024-11-06,86.496
2024-11-07,87.5337
2024-11-08,88.8402
2024-11-11,88.3954
2024-11-12,87.1724
2024-11-13,87.6542
2024-11-14,86.8666
2024-11-15,86.9129
2024-11-18,87.543
2024-11-19,87.9692
2024-11-20,87.858
2024-11-21,88.5066
2024-11-22,89.1738
2024-11-25,90.4154
2024-11-26,90.7768
2024-11-27,91.3605
2024-11-29,90.9528
2024-12-02,89.6278
2024-12-03,89.1738
2024-12-04,88.9329
2024-12-05,88.7197
2024-12-06,88.59
2024-12-09,88.8402
2024-12-10,87.5523
2024-12-11,87.3484
2024-12-12,87.2094
2024-12-13,86.9592
2024-12-16,86.6535
2024-12-17,86.2365
2024-12-18,82.6785
2024-12-19,81.3998
2024-12-20,82.7711
2024-12-23,83.0948
2024-12-24,83.6468
2024-12-26,83.8713
2024-12-27,83.0293
2024-12-30,82.6177
2024-12-31,83.3381
2025-01-02,82.599
2025-01-03,83.6842
2025-01-06,82.6083
2025-01-07,81.8225
2025-01-08,82.0377
2025-01-10,80.0356
2025-01-13,81.0179
2025-01-14,81.757
2025-01-15,82.2248
2025-01-16,83.9275
2025-01-17,83.8713
2025-01-21,85.443
2025-01-22,83.9555
2025-01-23,84.573
2025-01-24,84.863
2025-01-27,85.995
2025-01-28,84.9566
2025-01-29,83.8339
2025-01-30,84.9004
2025-01-31,84.7133
2025-02-03,84.5356
2025-02-04,84.6011
2025-02-05,85.7892
2025-02-06,86.0044
2025-02-07,85.7237
2025-02-10,85.6863
2025-02-11,86.0605
2025-02-12,85.2653
2025-02-13,86.1166
2025-02-14,85.7237
2025-02-18,86.1073
2025-02-19,86.1727
2025-02-20,86.5844
2025-02-21,85.733
2025-02-24,86.0698
2025-02-25,87.127
2025-02-26,86.7621
2025-02-27,87.1083
2025-02-28,87.8474
2025-03-03,88.259
2025-03-04,87.2393
2025-03-05,88.2122
2025-03-06,85.9482
2025-03-07,86.4628
2025-03-10,85.6301
2025-03-11,84.6291
2025-03-12,84.3671
2025-03-13,82.7019
2025-03-14,84.3578
2025-03-17,85.7985
2025-03-18,85.3495
2025-03-19,85.4524
2025-03-20,85.3963
2025-03-21,84.4513
2025-03-24,85.7518
2025-03-25,84.7896
2025-03-26,85.1204
2025-03-27,84.903
2025-03-28,84.7896
2025-03-31,85.5741
2025-04-01,85.6119
2025-04-02,86.1317
2025-04-03,83.1923
2025-04-04,79.5818
2025-04-07,77.493
2025-04-08,75.4137
2025-04-09,79.9126
2025-04-10,78.0885
2025-04-11,79.0431
2025-04-14,80.6782
2025-04-15,80.9239
2025-04-16,80.8672
2025-04-17,82.077
2025-04-21,80.3663
2025-04-22,81.9258
2025-04-23,82.077
2025-04-24,82.3795
2025-04-25,82.2377
2025-04-28,82.7481
2025-04-29,83.1923
2025-04-30,83.4853
2025-05-01,83.7594
2025-05-02,84.7896
2025-05-05,84.6006
2025-05-06,83.9484
2025-05-07,84.0429
2025-05-08,83.7121
2025-05-09,84.2698
2025-05-12,84.6856
2025-05-13,83.6082
2025-05-14,82.7859
2025-05-15,84.2981
2025-05-16,85.3472
2025-05-19,85.3661
2025-05-20,84.8652
2025-05-21,82.6063
2025-05-22,82.2282
2025-05-23,82.3133
2025-05-27,83.7499
2025-05-28,83.6649
2025-05-29,84.421
2025-05-30,84.421
2025-06-02,84.5344
2025-06-03,84.3643
2025-06-04,84.6006
2025-06-05,84.5344
2025-06-06,84.9408
2025-06-09,85.0542
2025-06-10,85.782
2025-06-11,85.3189
2025-06-12,85.7348
2025-06-13,84.903
2025-06-16,84.9692
2025-06-17,84.6667
2025-06-18,84.9597
2025-06-20,84.903
2025-06-23,86.179
2025-06-24,86.4058
2025-06-25,84.3265
2025-06-26,84.2482
2025-06-27,84.4582
2025-06-30,85.0022
2025-07-01,85.6226
2025-07-02,85.823
2025-07-03,85.9185
2025-07-07,85.1835
2025-07-08,85.0595
2025-07-09,85.1263
2025-07-10,85.6608
2025-07-11,85.6703
2025-07-14,86.2239
2025-07-15,84.9545
2025-07-16,85.7562
2025-07-17,85.6608
2025-07-18,85.8421
2025-07-21,86.1953
2025-07-22,87.6746
2025-07-23,87.8464
2025-07-24,87.541
2025-07-25,87.5506
2025-07-28,86.1475
2025-07-29,87.5315
2025-07-30,86.2907
2025-07-31,85.0786
2025-08-01,84.8686
2025-08-04,85.7371
2025-08-05,86.1284
2025-08-06,85.4604
2025-08-07,85.7085
2025-08-08,85.0022
2025-08-11,84.4391
2025-08-12,84.9163
2025-08-13,85.7085
2025-08-14,85.0977
2025-08-15,85.5844
2025-08-18,84.8591
2025-08-19,86.3193
2025-08-20,86.5675
2025-08-21,86.3098
2025-08-22,87.9801
2025-08-25,87.4742
2025-08-26,87.2451
2025-08-27,87.7892
2025-08-28,87.5601
2025-08-29,88.0373
2025-09-02,86.577
2025-09-03,86.6248
2025-09-04,87.2738
2025-09-05,88.2569
2025-09-08,87.7414
2025-09-09,87.541
2025-09-10,87.3979
2025-09-11,88.9918
2025-09-12,88.5814
2025-09-15,88.4382
2025-09-16,87.9705
2025-09-17,87.856
2025-09-18,88.0469
2025-09-19,87.4742
2025-09-22,87.4933
2025-09-23,87.9705
2025-09-24,87.1052
2025-09-25,86.8451
2025-09-26,87.7027
2025-09-29,87.7316
2025-09-30,88.0881
2025-10-01,88.223
2025-10-02,87.7605
2025-10-03,88.0881
2025-10-06,87.2594
2025-10-07,86.9414
2025-10-08,86.4886
2025-10-09,86.0164
2025-10-10,84.918
2025-10-13,85.4576
2025-10-14,86.3344
2025-10-15,87.587
2025-10-16,87.2787
2025-10-17,87.8472
2025-10-20,88.7337
2025-10-21,88.4831
2025-10-22,88.8589
2025-10-23,88.8011
2025-10-24,89.0613
2025-10-27,89.3118
2025-10-28,87.5581
2025-10-29,85.3034
2025-10-30,85.7081
2025-10-31,85.9297
2025-11-03,85.8045
2025-11-04,85.949
2025-11-05,86.0261
2025-11-06,85.6117
2025-11-07,86.9414
2025-11-10,86.8933
2025-11-11,87.8665
2025-11-12,87.2112
2025-11-13,86.1417
2025-11-14,86.3248
2025-11-17,85.6117
2025-11-18,85.9586
2025-11-19,85.2841
2025-11-20,84.9276
2025-11-21,86.3055
2025-11-24,86.5368
2025-11-25,87.3365
2025-11-26,87.7219
2025-11-28,88.011
2025-12-01,86.9993
2025-12-02,86.6909
2025-12-03,86.9125
2025-12-04,86.7006
2025-12-05,86.6042
2025-12-08,85.9393
2025-12-09,85.6117
2025-12-10,85.9201
2025-12-11,86.2959
2025-12-12,86.1899
2025-12-15,86.4597
2025-12-16,85.8237
2025-12-17,86.1417
2025-12-18,85.6888
2025-12-19,85.3612
2025-12-22,85.7998
2025-12-23,85.7414
2025-12-24,86.3054
2025-12-26,86.4026
2025-12-29,86.5776
2025-12-30,86.7526
2025-12-31,86.0428
2026-01-02,86.072
2026-01-05,86.2665
2026-01-06,86.8985
2026-01-07,86.0526
2026-01-08,86.8207
2026-01-09,86.9957
2026-01-12,87.1124
2026-01-13,87.5986
2026-01-14,88.357
2026-01-15,88.9696
2026-01-16,90.0586
2026-01-20,88.3862
2026-01-21,88.7362
2026-01-22,87.8611
2026-01-23,88.0361
2026-01-26,87.9195
2026-01-27,87.8903
2026-01-28,86.986
2026-01-29,88.2014
2026-01-30,88.289
2026-02-02,87.3749
2026-02-03,87.1805
2026-02-04,88.4348
2026-02-05,88.3084
2026-02-06,89.6988
2026-02-09,90.0781
2026-02-10,91.2838
2026-02-11,90.7782
2026-02-12,90.6712
2026-02-13,91.9741
2026-02-17,92.8492
2026-02-18,91.7602
2026-02-19,91.5657
2026-02-20,92.2561
2026-02-23,92.2658
2026-02-24,92.4992
2026-02-25,92.2464
2026-02-26,92.8784
2026-02-27,93.0437
2026-03-02,93.2771
2026-03-03,92.7812
2026-03-04,92.8979
2026-03-05,91.9644
2026-03-06,90.9629
2026-03-09,91.1671
2026-03-10,91.031
2026-03-11,90.0878
2026-03-12,89.4655
2026-03-13,89.6113
2026-03-16,90.36
2026-03-17,90.7587
2026-03-18,89.4169
2026-03-19,89.0571
2026-03-20,86.2956
2026-03-23,86.9666
2026-03-24,86.3926
2026-03-25,86.3238
2026-03-26,86.2059
2026-03-27,85.4983
2026-03-30,85.8226
2026-03-31,87.169
2026-04-01,87.4835
2026-04-02,88.6726
2026-04-06,88.8003
2026-04-07,88.9281
2026-04-08,90.53
2026-04-09,91.1786
2026-04-10,91.3751
2026-04-13,91.7191
2026-04-14,92.5937
2026-04-15,92.6625
2026-04-16,93.5175
2026-04-17,95.0113
2026-04-20,95.3552
2026-04-21,93.6649
2026-04-22,92.8885
2026-04-23,93.8418
2026-04-24,93.6551
2026-04-27,93.1441
2026-04-28,93.999
2026-04-29,93.262
2026-04-30,94.6673
2026-05-01,94.402
2026-05-04,93.8123
2026-05-05,94.1071
2026-05-06,95.4142
2026-05-07,94.7263
2026-05-08,94.9523
2026-05-11,95.0211
2026-05-12,95.0211
2026-05-13,94.2349
2026-05-14,93.6747
2026-05-15,92.2891
2026-05-18,93.3701
2026-05-19,93.6354
2026-05-20,94.8245
2026-05-21,95.0014
2026-05-22,95.0997
2026-05-26,95.5419
2026-05-27,95.2471
2026-05-28,94.8835
2026-05-29,94.0482
2026-06-01,92.466
2026-06-02,92.8885
2026-06-03,92.7804
2026-06-04,94.4413
2026-06-05,95.1194
2026-06-08,93.8222
2026-06-09,95.9842
2026-06-10,95.994
2026-06-11,95.9252
2026-06-12,96.8097
2026-06-15,96.1316
2026-06-16,96.3674
2026-06-17,93.9597
2026-06-18,93.9106
2026-06-22,94.9228
2026-06-23,96.1709
2026-06-24,96.1759
2026-06-25,96.3543
2026-06-26,97.8216
2026-06-29,97.3061
2026-06-30,95.6008
2026-07-01,95.9875
2026-07-02,97.1772
2026-07-06,96.4039
2026-07-07,97.5539
2026-07-08,95.9677
2026-07-09,96.2552
2026-07-10,96.4832
2026-07-13,96.9888
2026-07-14,96.731
2026-07-15,97.0185
2026-07-16,99.2095
2026-07-17,99.16
2026-07-20,98.6246
2026-07-21,98.6643
2026-07-22,98.1686
2026-07-23,97.8414
2026-07-24,99.9432
2026-07-27,99.6755
2026-07-28,100.082
2026-07-29,99.7945
2026-07-30,98.6345
2026-07-31,98.0992
2026-08-03,98.2181
2026-08-04,98.0694
2026-08-05,98.0694
2026-08-06,97.197
2026-08-07,97.5836
2026-08-10,96.275
2026-08-11,95.5513
2026-08-12,96.4733
2026-08-13,97.7324
2026-08-14,97.9802
2026-08-17,97.1375
2026-08-18,96.7806
2026-08-19,97.7621
2026-08-20,97.7522
2026-08-21,97.653
2026-08-24,98.2479
2026-08-25,98.3966
2026-08-26,97.7621
2026-08-27,96.8103
2026-08-28,96.4039
2026-08-31,95.6108
2026-09-01,95.472
2026-09-02,94.9564
2026-09-03,95.8289
2026-09-04,95.1944
2026-09-08,95.1051
2026-09-09,94.1237
2026-09-10,93.3107
2026-09-11,93.9849
2026-09-14,93.5189
2026-09-15,93.2909
2026-09-16,92.6762
2026-09-17,93.0034
2026-09-18,92.1111
2026-09-21,93.0034
2026-09-22,92.815
2026-09-23,91.45
2026-09-24,91.17
2026-09-25,90.99
2026-09-28,90.66
