date,close
1993-01-29,24.0535
1993-02-01,24.2246
1993-02-02,24.2759
1993-02-03,24.5325
1993-02-04,24.6352
1993-02-05,24.6181
1993-02-08,24.6181
1993-02-09,24.447
1993-02-10,24.4812
1993-02-11,24.601
1993-02-12,24.4128
1993-02-16,23.7969
1993-02-17,23.7798
1993-02-18,23.7627
1993-02-19,23.8482
1993-02-22,23.9338
1993-02-23,23.9167
1993-02-24,24.2246
1993-02-25,24.2759
1993-02-26,24.3101
1993-03-01,24.2417
1993-03-02,24.601
1993-03-03,24.7036
1993-03-04,24.5668
1993-03-05,24.4983
1993-03-08,25.0458
1993-03-09,24.9602
1993-03-10,25.0116
1993-03-11,24.9431
1993-03-12,24.6865
1993-03-15,24.8063
1993-03-16,24.8063
1993-03-17,24.6523
1993-03-18,24.8063
1993-03-19,24.7687
1993-03-22,24.6312
1993-03-23,24.6828
1993-03-24,24.6828
1993-03-25,24.8375
1993-03-26,24.7
1993-03-29,24.8031
1993-03-30,24.8719
1993-03-31,24.8547
1993-04-01,24.7687
1993-04-02,24.2531
1993-04-05,24.3734
1993-04-06,24.3046
1993-04-07,24.3906
1993-04-08,24.3562
1993-04-12,24.7
1993-04-13,24.7515
1993-04-14,24.7172
1993-04-15,24.7172
1993-04-16,24.7172
1993-04-19,24.614
1993-04-20,24.4937
1993-04-21,24.4765
1993-04-22,24.1671
1993-04-23,24.064
1993-04-26,23.8749
1993-04-27,24.1328
1993-04-28,24.0812
1993-04-29,24.1843
1993-04-30,24.2187
1993-05-03,24.3734
1993-05-04,24.4593
1993-05-05,24.5281
1993-05-06,24.4422
1993-05-07,24.3906
1993-05-10,24.4422
1993-05-11,24.5453
1993-05-12,24.5109
1993-05-13,24.2187
1993-05-14,24.2015
1993-05-17,24.2875
1993-05-18,24.2703
1993-05-19,24.7687
1993-05-20,24.8375
1993-05-21,24.614
1993-05-24,24.7172
1993-05-25,24.7687
1993-05-26,25.0781
1993-05-27,24.9922
1993-05-28,24.8719
1993-06-01,25.1125
1993-06-02,25.0781
1993-06-03,24.9922
1993-06-04,24.9062
1993-06-07,24.8203
1993-06-08,24.5969
1993-06-09,24.6828
1993-06-10,24.7
1993-06-11,24.8031
1993-06-14,24.7687
1993-06-15,24.7172
1993-06-16,24.7687
1993-06-17,24.8547
1993-06-18,24.65
1993-06-21,24.7019
1993-06-22,24.7192
1993-06-23,24.4942
1993-06-24,24.8231
1993-06-25,24.8058
1993-06-28,25.0828
1993-06-29,24.9616
1993-06-30,24.9616
1993-07-01,24.8923
1993-07-02,24.7539
1993-07-06,24.4942
1993-07-07,24.5634
1993-07-08,24.8404
1993-07-09,24.9097
1993-07-12,24.8923
1993-07-13,24.875
1993-07-14,24.9616
1993-07-15,24.8577
1993-07-16,24.7885
1993-07-19,24.7712
1993-07-20,24.8404
1993-07-21,24.8231
1993-07-22,24.65
1993-07-23,24.7712
1993-07-26,24.9097
1993-07-27,24.8923
1993-07-28,24.8404
1993-07-29,24.9789
1993-07-30,24.8404
1993-08-02,24.9097
1993-08-03,24.927
1993-08-04,24.927
1993-08-05,24.875
1993-08-06,24.9097
1993-08-09,25.0481
1993-08-10,25.0308
1993-08-11,25.0308
1993-08-12,24.9616
1993-08-13,24.9962
1993-08-16,25.1347
1993-08-17,25.2212
1993-08-18,25.3597
1993-08-19,25.3597
1993-08-20,25.377
1993-08-23,25.3251
1993-08-24,25.6021
1993-08-25,25.6194
1993-08-26,25.6367
1993-08-27,25.6194
1993-08-30,25.7232
1993-08-31,25.7925
1993-09-01,25.7579
1993-09-02,25.6713
1993-09-03,25.6886
1993-09-07,25.5155
1993-09-08,25.429
1993-09-09,25.4809
1993-09-10,25.7059
1993-09-13,25.7232
1993-09-14,25.6194
1993-09-15,25.6886
1993-09-16,25.5848
1993-09-17,25.5351
1993-09-20,25.3261
1993-09-21,25.239
1993-09-22,25.4481
1993-09-23,25.5874
1993-09-24,25.5177
1993-09-27,25.7964
1993-09-28,25.7442
1993-09-29,25.6571
1993-09-30,25.6048
1993-10-01,25.7267
1993-10-04,25.7616
1993-10-05,25.7267
1993-10-06,25.7093
1993-10-07,25.6397
1993-10-08,25.6745
1993-10-11,25.7267
1993-10-12,25.7616
1993-10-13,25.7616
1993-10-14,26.0925
1993-10-15,26.2319
1993-10-18,26.1622
1993-10-19,25.9706
1993-10-20,26.0054
1993-10-21,25.9706
1993-10-22,25.8487
1993-10-25,25.9183
1993-10-26,25.9009
1993-10-27,25.9183
1993-10-28,26.11
1993-10-29,26.11
1993-11-01,26.1796
1993-11-02,26.1622
1993-11-03,25.8313
1993-11-04,25.5526
1993-11-05,25.6745
1993-11-08,25.7093
1993-11-09,25.7267
1993-11-10,25.9183
1993-11-11,25.8487
1993-11-12,25.9706
1993-11-15,25.9532
1993-11-16,26.0751
1993-11-17,25.9358
1993-11-18,25.8661
1993-11-19,25.8139
1993-11-22,25.6571
1993-11-23,25.7964
1993-11-24,25.9009
1993-11-26,25.9183
1993-11-29,25.8139
1993-11-30,25.8313
1993-12-01,25.8661
1993-12-02,25.9358
1993-12-03,26.0403
1993-12-06,26.1274
1993-12-07,26.11
1993-12-08,26.11
1993-12-09,26.0229
1993-12-10,25.9706
1993-12-13,26.1274
1993-12-14,25.9358
1993-12-15,25.9009
1993-12-16,25.988
1993-12-17,26.1308
1993-12-20,26.1659
1993-12-21,26.0782
1993-12-22,26.2536
1993-12-23,26.2361
1993-12-27,26.3764
1993-12-28,26.429
1993-12-29,26.3939
1993-12-30,26.2887
1993-12-31,26.1484
1994-01-03,26.0782
1994-01-04,26.1835
1994-01-05,26.2361
1994-01-06,26.2361
1994-01-07,26.3939
1994-01-10,26.7096
1994-01-11,26.657
1994-01-12,26.5693
1994-01-13,26.4991
1994-01-14,26.6044
1994-01-17,26.6044
1994-01-18,26.6394
1994-01-19,26.5693
1994-01-20,26.6394
1994-01-21,26.5868
1994-01-24,26.4816
1994-01-25,26.4816
1994-01-26,26.5518
1994-01-27,26.7973
1994-01-28,26.8674
1994-01-31,27.0603
1994-02-01,26.92
1994-02-02,27.0954
1994-02-03,26.9727
1994-02-04,26.3588
1994-02-07,26.4816
1994-02-08,26.4991
1994-02-09,26.6044
1994-02-10,26.3764
1994-02-11,26.4641
1994-02-14,26.4991
1994-02-15,26.6394
1994-02-16,26.6219
1994-02-17,26.4641
1994-02-18,26.3062
1994-02-22,26.5693
1994-02-23,26.4991
1994-02-24,26.1484
1994-02-25,26.2712
1994-02-28,26.2712
1994-03-01,26.1659
1994-03-02,26.201
1994-03-03,26.1308
1994-03-04,26.201
1994-03-07,26.3413
1994-03-08,26.2361
1994-03-09,26.3588
1994-03-10,26.1484
1994-03-11,26.2887
1994-03-14,26.3238
1994-03-15,26.3062
1994-03-16,26.5167
1994-03-17,26.5167
1994-03-18,26.5109
1994-03-21,26.4403
1994-03-22,26.5109
1994-03-23,26.4932
1994-03-24,26.1758
1994-03-25,25.9288
1994-03-28,25.9641
1994-03-29,25.4526
1994-03-30,25.0998
1994-03-31,25.1704
1994-04-04,24.7823
1994-04-05,25.2938
1994-04-06,25.2938
1994-04-07,25.4173
1994-04-08,25.2233
1994-04-11,25.3291
1994-04-12,25.2938
1994-04-13,25.1615
1994-04-14,25.1704
1994-04-15,25.1704
1994-04-18,25.0028
1994-04-19,25.0381
1994-04-20,25.0116
1994-04-21,25.3467
1994-04-22,25.3203
1994-04-25,25.5849
1994-04-26,25.5584
1994-04-28,25.3732
1994-04-29,25.4526
1994-05-02,25.6113
1994-05-03,25.5849
1994-05-04,25.5408
1994-05-05,25.5055
1994-05-06,25.2585
1994-05-09,25.0381
1994-05-10,25.2321
1994-05-11,25.0028
1994-05-12,25.1263
1994-05-13,25.1263
1994-05-16,25.1351
1994-05-17,25.5055
1994-05-18,25.6907
1994-05-19,25.8142
1994-05-20,25.7172
1994-05-23,25.6731
1994-05-24,25.7789
1994-05-25,25.8494
1994-05-26,25.8671
1994-05-27,25.8935
1994-05-31,25.8582
1994-06-01,25.9729
1994-06-02,25.9465
1994-06-03,26.0964
1994-06-06,26.0876
1994-06-07,26.0523
1994-06-08,25.8406
1994-06-09,25.9817
1994-06-10,26.0258
1994-06-13,26.0611
1994-06-14,26.264
1994-06-15,26.1581
1994-06-16,26.211
1994-06-17,26.0647
1994-06-20,25.8428
1994-06-21,25.6209
1994-06-22,25.7185
1994-06-23,25.5676
1994-06-24,25.0349
1994-06-27,25.4699
1994-06-28,25.3456
1994-06-29,25.4255
1994-06-30,25.2657
1994-07-01,25.319
1994-07-05,25.4522
1994-07-06,25.4167
1994-07-07,25.5232
1994-07-08,25.5143
1994-07-11,25.4255
1994-07-12,25.4611
1994-07-13,25.5054
1994-07-14,25.7806
1994-07-15,25.7895
1994-07-18,25.8339
1994-07-19,25.7806
1994-07-20,25.6652
1994-07-21,25.7185
1994-07-22,25.7629
1994-07-25,25.7984
1994-07-26,25.7718
1994-07-27,25.7718
1994-07-28,25.825
1994-07-29,26.0825
1994-08-01,26.2068
1994-08-02,26.2423
1994-08-03,26.2512
1994-08-04,26.1002
1994-08-05,26.0115
1994-08-08,26.0736
1994-08-09,26.118
1994-08-10,26.2156
1994-08-11,26.118
1994-08-12,26.3222
1994-08-15,26.3133
1994-08-16,26.4997
1994-08-17,26.482
1994-08-18,26.3932
1994-08-19,26.3755
1994-08-22,26.3488
1994-08-23,26.4997
1994-08-24,26.7838
1994-08-25,26.7128
1994-08-26,27.0945
1994-08-29,27.0768
1994-08-30,27.1478
1994-08-31,27.0768
1994-09-01,26.988
1994-09-02,26.8726
1994-09-06,26.8815
1994-09-07,26.8548
1994-09-08,26.988
1994-09-09,26.7039
1994-09-12,26.624
1994-09-13,26.7039
1994-09-14,26.7306
1994-09-15,27.0679
1994-09-16,26.8753
1994-09-19,26.9021
1994-09-20,26.393
1994-09-21,26.393
1994-09-22,26.3304
1994-09-23,26.2411
1994-09-26,26.3751
1994-09-27,26.3572
1994-09-28,26.5627
1994-09-29,26.4287
1994-09-30,26.393
1994-10-03,26.3304
1994-10-04,25.9374
1994-10-05,25.9464
1994-10-06,25.866
1994-10-07,25.9821
1994-10-10,26.259
1994-10-11,26.652
1994-10-12,26.6877
1994-10-13,26.777
1994-10-14,26.8931
1994-10-17,26.8395
1994-10-18,26.777
1994-10-19,26.9021
1994-10-20,26.7234
1994-10-21,26.6162
1994-10-24,26.393
1994-10-25,26.4198
1994-10-26,26.518
1994-10-27,26.6788
1994-10-28,27.2415
1994-10-31,27.1432
1994-11-01,26.8395
1994-11-02,26.6877
1994-11-03,26.8306
1994-11-04,26.4823
1994-11-07,26.5627
1994-11-08,26.7681
1994-11-09,26.8127
1994-11-10,26.6252
1994-11-11,26.5269
1994-11-14,26.777
1994-11-15,26.6877
1994-11-16,26.777
1994-11-17,26.5984
1994-11-18,26.5627
1994-11-21,26.2947
1994-11-22,25.7231
1994-11-23,25.866
1994-11-25,25.991
1994-11-28,26.1071
1994-11-29,26.0982
1994-11-30,26.0625
1994-12-01,25.8035
1994-12-02,26.0446
1994-12-05,26.0714
1994-12-06,26.0893
1994-12-07,25.9017
1994-12-08,25.6516
1994-12-09,25.7499
1994-12-12,25.9196
1994-12-13,26.0178
1994-12-14,26.1518
1994-12-15,26.2322
1994-12-16,26.3603
1994-12-19,26.3963
1994-12-20,26.3153
1994-12-21,26.5944
1994-12-22,26.5134
1994-12-23,26.5404
1994-12-27,26.6844
1994-12-28,26.5494
1994-12-29,26.5674
1994-12-30,26.2523
1995-01-03,26.3783
1995-01-04,26.5044
1995-01-05,26.5044
1995-01-06,26.5314
1995-01-09,26.5584
1995-01-10,26.5854
1995-01-11,26.6034
1995-01-12,26.6124
1995-01-13,26.9275
1995-01-16,27.0895
1995-01-17,27.0985
1995-01-18,27.0715
1995-01-19,26.9185
1995-01-20,26.8195
1995-01-23,26.9005
1995-01-24,26.9365
1995-01-25,27.0085
1995-01-26,27.0355
1995-01-27,27.1436
1995-01-30,27.0265
1995-01-31,27.1346
1995-02-01,27.1255
1995-02-02,27.2876
1995-02-03,27.6747
1995-02-06,27.7918
1995-02-07,27.8278
1995-02-08,27.8278
1995-02-09,27.8278
1995-02-10,27.8638
1995-02-13,27.8728
1995-02-14,27.9088
1995-02-15,28.0618
1995-02-16,28.0258
1995-02-17,27.9178
1995-02-21,27.9088
1995-02-22,28.1159
1995-02-23,28.1609
1995-02-24,28.2329
1995-02-27,28.0078
1995-02-28,28.2419
1995-03-01,28.0618
1995-03-02,28.0979
1995-03-03,28.1069
1995-03-06,28.1249
1995-03-07,27.9088
1995-03-08,27.9808
1995-03-09,27.9718
1995-03-10,28.386
1995-03-13,28.359
1995-03-14,28.566
1995-03-15,28.512
1995-03-16,28.6831
1995-03-17,28.7116
1995-03-20,28.7116
1995-03-21,28.6392
1995-03-22,28.6663
1995-03-23,28.6844
1995-03-24,29.0917
1995-03-27,29.2094
1995-03-28,29.2094
1995-03-29,29.2004
1995-03-30,29.1461
1995-03-31,29.0284
1995-04-03,29.1008
1995-04-04,29.2909
1995-04-05,29.2909
1995-04-06,29.3995
1995-04-07,29.3723
1995-04-10,29.4266
1995-04-11,29.3271
1995-04-12,29.4266
1995-04-13,29.5896
1995-04-17,29.4176
1995-04-18,29.318
1995-04-19,29.2909
1995-04-20,29.3361
1995-04-21,29.481
1995-04-24,29.8249
1995-04-25,29.7435
1995-04-26,29.7706
1995-04-27,29.843
1995-04-28,29.8883
1995-05-01,29.8068
1995-05-02,29.8702
1995-05-03,30.2866
1995-05-04,30.2685
1995-05-05,30.2322
1995-05-08,30.4495
1995-05-09,30.4223
1995-05-10,30.4585
1995-05-11,30.54
1995-05-12,30.5581
1995-05-15,30.7029
1995-05-16,30.721
1995-05-17,30.6033
1995-05-18,30.1598
1995-05-19,30.1779
1995-05-22,30.5128
1995-05-23,30.7934
1995-05-24,30.7753
1995-05-25,30.8025
1995-05-26,30.4495
1995-05-30,30.4404
1995-05-31,31.074
1995-06-01,30.9926
1995-06-02,31.0197
1995-06-05,31.2098
1995-06-06,31.1555
1995-06-07,30.9926
1995-06-08,30.9202
1995-06-09,30.7391
1995-06-12,30.9111
1995-06-13,31.246
1995-06-14,31.2189
1995-06-15,31.3546
1995-06-16,31.4477
1995-06-19,31.8028
1995-06-20,31.7209
1995-06-21,31.7026
1995-06-22,32.1215
1995-06-23,32.0577
1995-06-26,31.6753
1995-06-27,31.6116
1995-06-28,31.7755
1995-06-29,31.7209
1995-06-30,31.7026
1995-07-03,31.821
1995-07-05,31.9394
1995-07-06,32.3491
1995-07-07,32.4948
1995-07-10,32.513
1995-07-11,32.3582
1995-07-12,32.7588
1995-07-13,32.686
1995-07-14,32.6586
1995-07-17,32.8407
1995-07-18,32.5585
1995-07-19,32.2034
1995-07-20,32.3218
1995-07-21,32.2854
1995-07-24,32.5221
1995-07-25,32.7679
1995-07-26,32.7406
1995-07-27,33.0138
1995-07-28,32.8043
1995-07-31,32.7224
1995-08-01,32.6678
1995-08-02,32.5949
1995-08-03,32.5858
1995-08-04,32.6223
1995-08-07,32.6951
1995-08-08,32.6951
1995-08-09,32.686
1995-08-10,32.6131
1995-08-11,32.431
1995-08-14,32.7224
1995-08-15,32.6586
1995-08-16,32.7497
1995-08-17,32.6951
1995-08-18,32.7315
1995-08-21,32.6404
1995-08-22,32.7042
1995-08-23,32.5858
1995-08-24,32.6223
1995-08-25,32.8043
1995-08-28,32.686
1995-08-29,32.7679
1995-08-30,32.8407
1995-08-31,32.8681
1995-09-01,33.0138
1995-09-05,33.3233
1995-09-06,33.387
1995-09-07,33.4052
1995-09-08,33.5327
1995-09-11,33.6238
1995-09-12,33.7785
1995-09-13,33.9333
1995-09-14,34.2429
1995-09-15,34.2334
1995-09-18,34.1053
1995-09-19,34.27
1995-09-20,34.4348
1995-09-21,34.151
1995-09-22,34.1602
1995-09-25,34.1053
1995-09-26,34.0961
1995-09-27,34.0687
1995-09-28,34.325
1995-09-29,34.2609
1995-10-02,34.087
1995-10-03,34.1236
1995-10-04,34.087
1995-10-05,34.1877
1995-10-06,34.2151
1995-10-09,33.9314
1995-10-10,33.9131
1995-10-11,34.0229
1995-10-12,34.2334
1995-10-13,34.3433
1995-10-16,34.1785
1995-10-17,34.4073
1995-10-18,34.508
1995-10-19,34.6728
1995-10-20,34.4623
1995-10-23,34.389
1995-10-24,34.4257
1995-10-25,34.1419
1995-10-26,33.8307
1995-10-27,34.087
1995-10-30,34.3067
1995-10-31,34.1602
1995-11-01,34.4348
1995-11-02,34.6545
1995-11-03,34.7002
1995-11-06,34.5813
1995-11-07,34.4531
1995-11-08,34.7643
1995-11-09,34.8925
1995-11-10,34.8741
1995-11-13,34.8375
1995-11-14,34.6087
1995-11-15,34.9566
1995-11-16,35.1488
1995-11-17,35.2586
1995-11-20,35.0755
1995-11-21,35.3593
1995-11-22,35.2494
1995-11-24,35.341
1995-11-27,35.3501
1995-11-28,35.7254
1995-11-29,35.7621
1995-11-30,35.6796
1995-12-01,35.7254
1995-12-04,36.1648
1995-12-05,36.4028
1995-12-06,36.4851
1995-12-07,36.2929
1995-12-08,36.4119
1995-12-11,36.5675
1995-12-12,36.4577
1995-12-13,36.6865
1995-12-14,36.4211
1995-12-15,36.4344
1995-12-18,35.7344
1995-12-19,36.1121
1995-12-20,35.7621
1995-12-21,35.9463
1995-12-22,36.0752
1995-12-26,36.2502
1995-12-27,36.2318
1995-12-28,36.195
1995-12-29,36.241
1996-01-02,36.6278
1996-01-03,36.7291
1996-01-04,36.3792
1996-01-05,36.3055
1996-01-08,36.4436
1996-01-09,35.8173
1996-01-10,35.3476
1996-01-11,35.5595
1996-01-12,35.5042
1996-01-15,35.4305
1996-01-16,35.8634
1996-01-17,35.7529
1996-01-18,35.8726
1996-01-19,36.1121
1996-01-22,36.1213
1996-01-23,36.2042
1996-01-24,36.4989
1996-01-25,36.3699
1996-01-26,36.6831
1996-01-29,36.8304
1996-01-30,37.1436
1996-01-31,37.5304
1996-02-01,37.6685
1996-02-02,37.512
1996-02-05,37.8159
1996-02-06,38.1751
1996-02-07,38.3961
1996-02-08,38.8106
1996-02-09,38.8014
1996-02-12,39.0961
1996-02-13,39.0132
1996-02-14,38.6724
1996-02-15,38.433
1996-02-16,38.2764
1996-02-20,37.8988
1996-02-21,38.3685
1996-02-22,38.9763
1996-02-23,38.8658
1996-02-26,38.3132
1996-02-27,38.1935
1996-02-28,38.0185
1996-02-29,37.6501
1996-03-01,38.2488
1996-03-04,38.4698
1996-03-05,38.829
1996-03-06,38.4882
1996-03-07,38.6816
1996-03-08,37.4291
1996-03-11,37.8619
1996-03-12,37.5672
1996-03-13,37.8251
1996-03-14,37.9909
1996-03-15,37.9654
1996-03-18,38.6962
1996-03-19,38.6129
1996-03-20,38.5666
1996-03-21,38.4742
1996-03-22,38.5759
1996-03-25,38.5019
1996-03-26,38.6869
1996-03-27,38.3354
1996-03-28,38.4834
1996-03-29,38.2984
1996-04-01,38.7424
1996-04-02,38.8164
1996-04-03,38.8164
1996-04-04,38.7887
1996-04-08,38.1226
1996-04-09,37.9746
1996-04-10,37.2993
1996-04-11,37.2531
1996-04-12,37.7248
1996-04-15,38.0394
1996-04-16,38.1504
1996-04-17,38.0579
1996-04-18,38.1134
1996-04-19,38.2059
1996-04-22,38.5019
1996-04-23,38.6221
1996-04-24,38.4834
1996-04-25,38.6592
1996-04-26,38.7424
1996-04-29,38.7424
1996-04-30,38.7147
1996-05-01,38.7979
1996-05-02,38.1319
1996-05-03,38.0764
1996-05-06,38.0394
1996-05-07,37.8821
1996-05-08,38.3539
1996-05-09,38.3261
1996-05-10,38.7054
1996-05-13,39.2882
1996-05-14,39.5287
1996-05-15,39.4825
1996-05-16,39.5657
1996-05-17,39.7785
1996-05-20,40.0468
1996-05-21,39.9913
1996-05-22,40.3706
1996-05-23,40.2041
1996-05-24,40.3613
1996-05-28,39.9543
1996-05-29,39.686
1996-05-30,39.8895
1996-05-31,39.5935
1996-06-03,39.7045
1996-06-04,39.982
1996-06-05,40.3336
1996-06-06,40.0375
1996-06-07,40.0375
1996-06-10,39.908
1996-06-11,39.871
1996-06-12,39.797
1996-06-13,39.797
1996-06-14,39.6305
1996-06-17,39.6028
1996-06-18,39.279
1996-06-19,39.4547
1996-06-20,39.427
1996-06-21,39.7661
1996-06-24,39.8405
1996-06-25,39.794
1996-06-26,39.5243
1996-06-27,39.8033
1996-06-28,39.9428
1996-07-01,40.2869
1996-07-02,40.1381
1996-07-03,40.0544
1996-07-05,39.0314
1996-07-08,38.8733
1996-07-09,39.0314
1996-07-10,39.1895
1996-07-11,38.399
1996-07-12,38.4269
1996-07-15,37.2923
1996-07-16,37.3853
1996-07-17,37.8317
1996-07-18,38.3525
1996-07-19,38.0735
1996-07-22,37.7945
1996-07-23,37.3109
1996-07-24,37.3853
1996-07-25,37.7201
1996-07-26,37.9247
1996-07-29,37.5062
1996-07-30,37.8689
1996-07-31,38.1479
1996-08-01,38.7803
1996-08-02,39.6173
1996-08-05,39.3848
1996-08-06,39.5057
1996-08-07,39.608
1996-08-08,39.5429
1996-08-09,39.4127
1996-08-12,39.701
1996-08-13,39.3848
1996-08-14,39.5243
1996-08-15,39.4499
1996-08-16,39.7847
1996-08-19,39.8033
1996-08-20,39.7754
1996-08-21,39.6359
1996-08-22,40.0079
1996-08-23,39.794
1996-08-26,39.5987
1996-08-27,39.7475
1996-08-28,39.6824
1996-08-29,39.2918
1996-08-30,38.8826
1996-09-03,39.1337
1996-09-04,39.1709
1996-09-05,38.6966
1996-09-06,39.2453
1996-09-09,39.7103
1996-09-10,39.6917
1996-09-11,39.9149
1996-09-12,40.1939
1996-09-13,40.8077
1996-09-16,40.9565
1996-09-17,40.8635
1996-09-18,40.7612
1996-09-19,40.9193
1996-09-20,41.0644
1996-09-23,41.0551
1996-09-24,41.0457
1996-09-25,41.0738
1996-09-26,41.0551
1996-09-27,41.0925
1996-09-30,41.0551
1996-10-01,41.2794
1996-10-02,41.5598
1996-10-03,41.5225
1996-10-04,42.0833
1996-10-07,42.1301
1996-10-08,41.9618
1996-10-09,41.6346
1996-10-10,41.5505
1996-10-11,42.0646
1996-10-14,42.1207
1996-10-15,42.0646
1996-10-16,42.2703
1996-10-17,42.3824
1996-10-18,42.6068
1996-10-21,42.5507
1996-10-22,42.2516
1996-10-23,42.3918
1996-10-24,42.0272
1996-10-25,42.0646
1996-10-28,41.7842
1996-10-29,42.1207
1996-10-30,41.9805
1996-10-31,42.3824
1996-11-01,42.2329
1996-11-04,42.5133
1996-11-05,42.7564
1996-11-06,43.5789
1996-11-07,43.6818
1996-11-08,43.9248
1996-11-11,43.8781
1996-11-12,43.7472
1996-11-13,43.9435
1996-11-14,44.2333
1996-11-15,44.2894
1996-11-18,44.2987
1996-11-19,44.6165
1996-11-20,44.6914
1996-11-21,44.6259
1996-11-22,44.9718
1996-11-25,45.542
1996-11-26,45.3924
1996-11-27,45.3083
1996-11-29,45.4765
1996-12-02,45.4953
1996-12-03,44.7194
1996-12-04,44.8409
1996-12-05,44.7194
1996-12-06,44.4576
1996-12-09,45.112
1996-12-10,44.897
1996-12-11,44.4857
1996-12-12,43.7472
1996-12-13,43.8594
1996-12-16,43.2985
1996-12-17,43.6444
1996-12-18,43.9902
1996-12-19,44.897
1996-12-20,44.9955
1996-12-23,44.8828
1996-12-24,45.2115
1996-12-26,45.5591
1996-12-27,45.6155
1996-12-30,45.221
1996-12-31,44.3943
1997-01-02,44.507
1997-01-03,45.1458
1997-01-06,44.7513
1997-01-07,45.2961
1997-01-08,44.9016
1997-01-09,45.2773
1997-01-10,45.7658
1997-01-13,45.7
1997-01-14,46.273
1997-01-15,46.1603
1997-01-16,46.3482
1997-01-17,46.63
1997-01-20,46.6864
1997-01-21,47.0621
1997-01-22,47.4003
1997-01-23,46.7427
1997-01-24,46.1415
1997-01-27,46.01
1997-01-28,46.1415
1997-01-29,46.5924
1997-01-30,47.1936
1997-01-31,47.1373
1997-02-03,47.2782
1997-02-04,47.5694
1997-02-05,46.677
1997-02-06,46.9869
1997-02-07,47.6257
1997-02-10,47.1748
1997-02-11,47.7196
1997-02-12,48.396
1997-02-13,48.922
1997-02-14,48.8093
1997-02-18,49.2226
1997-02-19,48.8939
1997-02-20,48.3021
1997-02-21,48.3208
1997-02-24,48.8939
1997-02-25,48.9314
1997-02-26,48.4524
1997-02-27,47.729
1997-02-28,47.5881
1997-03-03,47.9075
1997-03-04,47.6445
1997-03-05,48.4524
1997-03-06,48.1705
1997-03-07,48.6027
1997-03-10,49.1099
1997-03-11,48.8469
1997-03-12,48.4148
1997-03-13,47.6633
1997-03-14,47.9075
1997-03-17,48.039
1997-03-18,47.5224
1997-03-19,47.3627
1997-03-20,47.1184
1997-03-21,47.3366
1997-03-24,47.9967
1997-03-25,47.5252
1997-03-26,47.7326
1997-03-27,46.4691
1997-03-31,45.4884
1997-04-01,45.7808
1997-04-02,44.9604
1997-04-03,45.2056
1997-04-04,45.7713
1997-04-07,45.9505
1997-04-08,46.2805
1997-04-09,45.9033
1997-04-10,45.7336
1997-04-11,44.2814
1997-04-14,44.8755
1997-04-15,45.6393
1997-04-16,46.1673
1997-04-17,45.9787
1997-04-18,46.2051
1997-04-21,45.9033
1997-04-22,46.9123
1997-04-23,46.9594
1997-04-24,46.7237
1997-04-25,46.1862
1997-04-28,46.6388
1997-04-29,48.1099
1997-04-30,48.3362
1997-05-01,48.2796
1997-05-02,49.1471
1997-05-05,50.3164
1997-05-06,50.2787
1997-05-07,49.1848
1997-05-08,49.5243
1997-05-09,49.8638
1997-05-12,50.6936
1997-05-13,50.4861
1997-05-14,50.5804
1997-05-15,50.9198
1997-05-16,50.2221
1997-05-19,50.373
1997-05-20,50.9764
1997-05-21,50.8633
1997-05-22,50.6936
1997-05-23,51.165
1997-05-27,51.3725
1997-05-28,51.3631
1997-05-29,51.0614
1997-05-30,51.3913
1997-06-02,51.165
1997-06-03,50.9953
1997-06-04,50.9387
1997-06-05,51.1273
1997-06-06,52.1268
1997-06-09,52.3909
1997-06-10,52.5512
1997-06-11,52.6738
1997-06-12,53.6922
1997-06-13,54.1448
1997-06-16,54.1636
1997-06-17,54.0882
1997-06-18,53.8997
1997-06-19,54.456
1997-06-20,54.2704
1997-06-23,52.9546
1997-06-24,54.2988
1997-06-25,53.9202
1997-06-26,53.6551
1997-06-27,53.8634
1997-06-30,53.5037
1997-07-01,54.1284
1997-07-02,55.0183
1997-07-03,55.7756
1997-07-07,55.2076
1997-07-08,55.7851
1997-07-09,55.1698
1997-07-10,55.4158
1997-07-11,55.6052
1997-07-14,55.7756
1997-07-15,56.0596
1997-07-16,56.7979
1997-07-17,56.514
1997-07-18,55.3117
1997-07-21,55.3212
1997-07-22,56.7885
1997-07-23,56.7411
1997-07-24,57.0062
1997-07-25,56.9683
1997-07-28,56.9305
1997-07-29,57.1198
1997-07-30,57.8014
1997-07-31,57.7446
1997-08-01,57.5174
1997-08-04,57.6688
1997-08-05,57.7067
1997-08-06,58.18
1997-08-07,57.7446
1997-08-08,56.5708
1997-08-11,56.9873
1997-08-12,56.0785
1997-08-13,55.9081
1997-08-14,56.1164
1997-08-15,54.3935
1997-08-18,55.6052
1997-08-19,56.2489
1997-08-20,57.1009
1997-08-21,56.0974
1997-08-22,56.0785
1997-08-25,55.8702
1997-08-26,55.0467
1997-08-27,55.378
1997-08-28,54.5355
1997-08-29,54.7532
1997-09-02,56.5329
1997-09-03,56.2299
1997-09-04,56.5897
1997-09-05,56.4288
1997-09-08,56.6749
1997-09-09,56.7033
1997-09-10,55.5294
1997-09-11,55.2454
1997-09-12,56.1353
1997-09-15,56.0406
1997-09-16,57.4417
1997-09-17,57.4417
1997-09-18,57.6878
1997-09-19,57.7854
1997-09-22,58.1084
1997-09-23,57.8424
1997-09-24,57.3673
1997-09-25,56.9683
1997-09-26,57.4433
1997-09-29,57.9944
1997-09-30,57.3863
1997-10-01,58.1464
1997-10-02,58.4695
1997-10-03,58.764
1997-10-06,59.1535
1997-10-07,59.7046
1997-10-08,59.2865
1997-10-09,59.0775
1997-10-10,58.9065
1997-10-13,58.9635
1997-10-14,58.9825
1997-10-15,58.8495
1997-10-16,57.9184
1997-10-17,57.3293
1997-10-20,58.1464
1997-10-21,59.277
1997-10-22,58.8875
1997-10-23,57.7284
1997-10-24,57.1583
1997-10-27,53.0159
1997-10-28,56.0752
1997-10-29,55.9231
1997-10-30,54.688
1997-10-31,55.9802
1997-11-03,57.1583
1997-11-04,57.1583
1997-11-05,57.3483
1997-11-06,57.1298
1997-11-07,56.5122
1997-11-10,56.1702
1997-11-11,56.1892
1997-11-12,55.03
1997-11-13,55.8281
1997-11-14,56.5882
1997-11-17,57.6334
1997-11-18,57.2723
1997-11-19,57.5573
1997-11-20,58.4314
1997-11-21,58.8305
1997-11-24,57.7664
1997-11-25,57.9184
1997-11-26,58.0894
1997-11-28,58.1464
1997-12-01,59.6476
1997-12-02,59.2865
1997-12-03,59.4575
1997-12-04,59.4006
1997-12-05,60.1606
1997-12-08,59.9896
1997-12-09,59.6286
1997-12-10,59.1155
1997-12-11,58.1084
1997-12-12,58.2224
1997-12-15,58.8115
1997-12-16,59.1725
1997-12-17,58.8685
1997-12-18,58.2984
1997-12-19,57.8627
1997-12-22,58.2347
1997-12-23,57.195
1997-12-24,57.0233
1997-12-26,57.2522
1997-12-29,58.3778
1997-12-30,59.2935
1997-12-31,59.2554
1998-01-02,59.5606
1998-01-05,59.6941
1998-01-06,58.7402
1998-01-07,58.8929
1998-01-08,58.3778
1998-01-09,56.3555
1998-01-12,57.3858
1998-01-13,58.187
1998-01-14,58.4541
1998-01-15,57.9676
1998-01-16,58.7975
1998-01-20,59.7514
1998-01-21,59.1791
1998-01-22,58.6544
1998-01-23,58.5686
1998-01-26,58.5304
1998-01-27,59.1218
1998-01-28,59.656
1998-01-29,59.9803
1998-01-30,60.0185
1998-02-02,61.0105
1998-02-03,61.4684
1998-02-04,61.3921
1998-02-05,61.3539
1998-02-06,62.0407
1998-02-09,61.8309
1998-02-10,62.4222
1998-02-11,62.3651
1998-02-12,62.6321
1998-02-13,62.2696
1998-02-17,62.5749
1998-02-18,63.1472
1998-02-19,62.8133
1998-02-20,63.2807
1998-02-23,63.5288
1998-02-24,63.0327
1998-02-25,63.8149
1998-02-26,64.1774
1998-02-27,64.1774
1998-03-02,64.0439
1998-03-03,64.4063
1998-03-04,63.9866
1998-03-05,63.3953
1998-03-06,64.6734
1998-03-09,64.4445
1998-03-10,65.055
1998-03-11,65.3603
1998-03-12,65.6273
1998-03-13,65.3793
1998-03-16,66.0852
1998-03-17,66.276
1998-03-18,66.5239
1998-03-19,66.6957
1998-03-20,67.27
1998-03-23,67.1169
1998-03-24,67.6909
1998-03-25,67.4422
1998-03-26,67.4039
1998-03-27,67.1169
1998-03-30,67.0786
1998-03-31,67.3082
1998-04-01,67.8535
1998-04-02,68.5901
1998-04-03,68.9345
1998-04-06,68.3796
1998-04-07,67.9204
1998-04-08,67.5378
1998-04-09,68.0735
1998-04-13,67.8822
1998-04-14,68.4562
1998-04-15,68.6475
1998-04-16,67.8439
1998-04-17,68.7432
1998-04-20,68.724
1998-04-21,69.0492
1998-04-22,69.2406
1998-04-23,68.571
1998-04-24,67.8439
1998-04-27,66.5621
1998-04-28,66.4664
1998-04-29,66.9255
1998-04-30,68.1692
1998-05-01,68.9345
1998-05-04,68.7623
1998-05-05,68.284
1998-05-06,67.4804
1998-05-07,66.9447
1998-05-08,68.0353
1998-05-11,67.8057
1998-05-12,68.5327
1998-05-13,68.7049
1998-05-14,68.3605
1998-05-15,67.9779
1998-05-18,67.71
1998-05-19,68.1692
1998-05-20,68.8197
1998-05-21,68.3796
1998-05-22,68.1118
1998-05-26,67.0212
1998-05-27,67.1169
1998-05-28,67.423
1998-05-29,66.7534
1998-06-01,67.0595
1998-06-02,67.1169
1998-06-03,66.0455
1998-06-04,67.27
1998-06-05,68.571
1998-06-08,68.4944
1998-06-09,68.7049
1998-06-10,68.2649
1998-06-11,66.983
1998-06-12,67.6143
1998-06-15,65.8351
1998-06-16,66.849
1998-06-17,68.2457
1998-06-18,67.9396
1998-06-19,67.5991
1998-06-22,67.9255
1998-06-23,68.7316
1998-06-24,69.6529
1998-06-25,69.5377
1998-06-26,69.8256
1998-06-29,70.0751
1998-06-30,69.5953
1998-07-01,70.4014
1998-07-02,70.5357
1998-07-06,71.2459
1998-07-07,71.1116
1998-07-08,71.6298
1998-07-09,71.15
1998-07-10,71.5338
1998-07-13,71.553
1998-07-14,72.3591
1998-07-15,72.2248
1998-07-16,72.7238
1998-07-17,72.8198
1998-07-20,72.8198
1998-07-21,71.553
1998-07-22,71.553
1998-07-23,70.1327
1998-07-24,70.0751
1998-07-27,70.5742
1998-07-28,69.3842
1998-07-29,69.1155
1998-07-30,70.1519
1998-07-31,68.6548
1998-08-03,68.3669
1998-08-04,65.7182
1998-08-05,66.6203
1998-08-06,66.9082
1998-08-07,67.0234
1998-08-10,66.6395
1998-08-11,65.6414
1998-08-12,66.7547
1998-08-13,65.9486
1998-08-14,65.1808
1998-08-17,66.5627
1998-08-18,67.7911
1998-08-19,67.6184
1998-08-20,67.2153
1998-08-21,66.6779
1998-08-24,67.1002
1998-08-25,67.2537
1998-08-26,66.8698
1998-08-27,63.7221
1998-08-28,63.4918
1998-08-31,58.9622
1998-09-01,61.4573
1998-09-02,61.0158
1998-09-03,60.536
1998-09-04,60.037
1998-09-08,63.2615
1998-09-09,61.726
1998-09-10,60.4976
1998-09-11,62.4553
1998-09-14,63.5302
1998-09-15,63.9141
1998-09-16,64.4899
1998-09-17,62.6473
1998-09-18,62.9263
1998-09-21,62.8878
1998-09-22,63.4078
1998-09-23,65.9503
1998-09-24,64.3324
1998-09-25,64.2553
1998-09-28,64.8332
1998-09-29,64.6791
1998-09-30,62.7145
1998-10-01,60.9039
1998-10-02,62.0789
1998-10-05,60.8269
1998-10-06,60.7691
1998-10-07,59.8638
1998-10-08,59.5364
1998-10-09,60.7305
1998-10-12,61.6166
1998-10-13,61.4047
1998-10-14,61.9825
1998-10-15,65.3147
1998-10-16,65.3339
1998-10-19,65.5651
1998-10-20,65.9503
1998-10-21,65.7192
1998-10-22,66.7015
1998-10-23,65.8541
1998-10-26,66.3356
1998-10-27,65.9503
1998-10-28,65.8348
1998-10-29,67.4334
1998-10-30,67.7994
1998-11-02,68.9551
1998-11-03,68.4543
1998-11-04,69.1862
1998-11-05,70.13
1998-11-06,70.3419
1998-11-09,69.8411
1998-11-10,69.6485
1998-11-11,69.1862
1998-11-12,69.1092
1998-11-13,69.7833
1998-11-16,70.3033
1998-11-17,70.3033
1998-11-18,70.7271
1998-11-19,71.3435
1998-11-20,71.8828
1998-11-23,73.5778
1998-11-24,73.1155
1998-11-25,73.1155
1998-11-27,73.6548
1998-11-30,71.5746
1998-12-01,72.4991
1998-12-02,72.2873
1998-12-03,71.0931
1998-12-04,72.9614
1998-12-07,73.3081
1998-12-08,72.9807
1998-12-09,73.1155
1998-12-10,72.0465
1998-12-11,72.191
1998-12-14,70.1108
1998-12-15,71.9213
1998-12-16,71.825
1998-12-17,72.971
1998-12-18,73.2811
1998-12-21,74.3053
1998-12-22,74.6339
1998-12-23,76.1992
1998-12-24,75.8707
1998-12-28,75.6775
1998-12-29,76.8756
1998-12-30,76.2572
1998-12-31,76.2572
1999-01-04,76.0832
1999-01-05,76.9529
1999-01-06,78.8081
1999-01-07,78.4216
1999-01-08,79.0014
1999-01-11,78.2477
1999-01-12,76.837
1999-01-13,76.2958
1999-01-14,74.9624
1999-01-15,76.9143
1999-01-19,77.4167
1999-01-20,78.0351
1999-01-21,75.9673
1999-01-22,75.7934
1999-01-25,76.5664
1999-01-26,77.9578
1999-01-27,77.0495
1999-01-28,78.3443
1999-01-29,78.9434
1999-02-01,78.4796
1999-02-02,77.9965
1999-02-03,78.7888
1999-02-04,77.61
1999-02-05,76.721
1999-02-08,76.8756
1999-02-09,75.1556
1999-02-10,75.6388
1999-02-11,77.378
1999-02-12,76.4504
1999-02-16,75.9866
1999-02-17,75.9094
1999-02-18,76.5084
1999-02-19,76.837
1999-02-22,78.8854
1999-02-23,78.8467
1999-02-24,77.4554
1999-02-25,76.721
1999-02-26,76.4118
1999-03-01,76.6243
1999-03-02,75.948
1999-03-03,76.3538
1999-03-04,77.3201
1999-03-05,78.8758
1999-03-08,79.3879
1999-03-09,79.1946
1999-03-10,79.8903
1999-03-11,80.7793
1999-03-12,80.0062
1999-03-15,81.1465
1999-03-16,80.8373
1999-03-17,80.4894
1999-03-18,81.7842
1999-03-19,80.394
1999-03-22,80.549
1999-03-23,78.2243
1999-03-24,78.67
1999-03-25,80.2778
1999-03-26,79.6966
1999-03-29,81.3045
1999-03-30,80.8783
1999-03-31,79.5804
1999-04-01,80.181
1999-04-05,82.0795
1999-04-06,81.8857
1999-04-07,82.5444
1999-04-08,83.5904
1999-04-09,83.6098
1999-04-12,84.5009
1999-04-13,83.9585
1999-04-14,82.5444
1999-04-15,82.2344
1999-04-16,81.537
1999-04-19,80.2778
1999-04-20,81.2851
1999-04-21,83.6098
1999-04-22,84.4041
1999-04-23,84.191
1999-04-26,84.6753
1999-04-27,85.0821
1999-04-28,83.9198
1999-04-29,83.2805
1999-04-30,82.6024
1999-05-03,84.1135
1999-05-04,82.9124
1999-05-05,83.5711
1999-05-06,83.0577
1999-05-07,83.6873
1999-05-10,83.2708
1999-05-11,84.1135
1999-05-12,84.7721
1999-05-13,85.1402
1999-05-14,82.9318
1999-05-17,83.1836
1999-05-18,83.0286
1999-05-19,83.6292
1999-05-20,83.1255
1999-05-21,82.6606
1999-05-24,81.2851
1999-05-25,79.9678
1999-05-26,80.859
1999-05-27,79.6966
1999-05-28,80.7137
1999-06-01,80.4328
1999-06-02,80.5103
1999-06-03,80.9559
1999-06-04,82.5831
1999-06-07,82.7962
1999-06-08,81.9825
1999-06-09,81.9051
1999-06-10,81.1496
1999-06-11,80.4715
1999-06-14,80.549
1999-06-15,81.0915
1999-06-16,82.6412
1999-06-17,83.4161
1999-06-18,83.5125
1999-06-21,83.7067
1999-06-22,83.1239
1999-06-23,82.7158
1999-06-24,82.094
1999-06-25,81.89
1999-06-28,82.8907
1999-06-29,83.6679
1999-06-30,85.1835
1999-07-01,85.8247
1999-07-02,86.6796
1999-07-06,86.6602
1999-07-07,86.7768
1999-07-08,86.8448
1999-07-09,87.3597
1999-07-12,86.9711
1999-07-13,86.6602
1999-07-14,87.146
1999-07-15,87.6997
1999-07-16,88.1758
1999-07-19,87.5929
1999-07-20,85.7955
1999-07-21,85.6984
1999-07-22,84.5714
1999-07-23,84.4063
1999-07-26,83.7845
1999-07-27,84.484
1999-07-28,84.756
1999-07-29,83.5708
1999-07-30,82.541
1999-08-02,82.7352
1999-08-03,82.3466
1999-08-04,81.2196
1999-08-05,81.958
1999-08-06,81.0642
1999-08-09,80.8893
1999-08-10,79.9955
1999-08-11,80.967
1999-08-12,80.9185
1999-08-13,82.7935
1999-08-16,83.1627
1999-08-17,83.7067
1999-08-18,83.1044
1999-08-19,82.4244
1999-08-20,83.2599
1999-08-23,84.8532
1999-08-24,85.1641
1999-08-25,86.0385
1999-08-26,85.0086
1999-08-27,83.9788
1999-08-30,82.4244
1999-08-31,82.1135
1999-09-01,83.1239
1999-09-02,82.1426
1999-09-03,84.5423
1999-09-07,84.2314
1999-09-08,83.8233
1999-09-09,83.7845
1999-09-10,84.484
1999-09-13,83.9108
1999-09-14,83.357
1999-09-15,82.0358
1999-09-16,82.3564
1999-09-17,83.3969
1999-09-20,83.28
1999-09-21,81.5264
1999-09-22,81.4387
1999-09-23,79.7337
1999-09-24,79.6558
1999-09-27,80.1819
1999-09-28,80.026
1999-09-29,79.0712
1999-09-30,80.2793
1999-10-01,80.1039
1999-10-04,81.5264
1999-10-05,81.4484
1999-10-06,82.6954
1999-10-07,82.2278
1999-10-08,83.4749
1999-10-11,83.3385
1999-10-12,82.0524
1999-10-13,79.9286
1999-10-14,79.9091
1999-10-15,77.8631
1999-10-18,78.4282
1999-10-19,79.1881
1999-10-20,79.9675
1999-10-21,80.4352
1999-10-22,81.1172
1999-10-25,80.7079
1999-10-26,79.6947
1999-10-27,81.1367
1999-10-28,83.9036
1999-10-29,85.4234
1999-11-01,84.5271
1999-11-02,83.923
1999-11-03,84.4881
1999-11-04,85.1311
1999-11-05,85.969
1999-11-08,86.0469
1999-11-09,85.2383
1999-11-10,85.8716
1999-11-11,86.3587
1999-11-12,87.1381
1999-11-15,87.3427
1999-11-16,88.0734
1999-11-17,88.3072
1999-11-18,88.9307
1999-11-19,88.8528
1999-11-22,88.8333
1999-11-23,88.0539
1999-11-24,88.5215
1999-11-26,88.1903
1999-11-29,87.8786
1999-11-30,86.8458
1999-12-01,87.5473
1999-12-02,88.0734
1999-12-03,89.6907
1999-12-06,89.0282
1999-12-07,88.3072
1999-12-08,87.7421
1999-12-09,88.1708
1999-12-10,88.4631
1999-12-13,88.619
1999-12-14,87.7616
1999-12-15,88.2293
1999-12-16,88.619
1999-12-17,89.1881
1999-12-20,88.5435
1999-12-21,89.8913
1999-12-22,90.1257
1999-12-23,91.5614
1999-12-27,91.4344
1999-12-28,91.3758
1999-12-29,91.7665
1999-12-30,91.659
1999-12-31,91.8055
2000-01-03,90.907
2000-01-04,87.352
2000-01-05,87.5082
2000-01-06,86.1019
2000-01-07,91.1023
2000-01-10,91.4148
2000-01-11,90.321
2000-01-12,89.4225
2000-01-13,90.6336
2000-01-14,91.8642
2000-01-18,91.1414
2000-01-19,91.8837
2000-01-20,90.4773
2000-01-21,90.2819
2000-01-24,87.7231
2000-01-25,88.7193
2000-01-26,88.0161
2000-01-27,87.6645
2000-01-28,84.9299
2000-01-31,87.2348
2000-02-01,88.0943
2000-02-02,88.1724
2000-02-03,89.5006
2000-02-04,89.1295
2000-02-07,88.9927
2000-02-08,90.2038
2000-02-09,88.3091
2000-02-10,88.4849
2000-02-11,86.6878
2000-02-14,87.1958
2000-02-15,88.1822
2000-02-16,86.8832
2000-02-17,86.4339
2000-02-18,84.5783
2000-02-22,84.3634
2000-02-23,85.3596
2000-02-24,83.6407
2000-02-25,83.3379
2000-02-28,85.0862
2000-02-29,85.9065
2000-03-01,86.5316
2000-03-02,86.5902
2000-03-03,88.2114
2000-03-06,87.352
2000-03-07,85.6624
2000-03-08,85.5549
2000-03-09,88.0552
2000-03-10,87.5864
2000-03-13,86.6293
2000-03-14,85.3987
2000-03-15,87.391
2000-03-16,91.4734
2000-03-17,92.078
2000-03-20,91.608
2000-03-21,93.488
2000-03-22,94.0559
2000-03-23,95.6617
2000-03-24,96.2296
2000-03-27,95.2113
2000-03-28,94.663
2000-03-29,94.7609
2000-03-30,93.1747
2000-03-31,94.2321
2000-04-03,94.7804
2000-04-04,94.0755
2000-04-05,93.488
2000-04-06,94.3007
2000-04-07,94.898
2000-04-10,94.5259
2000-04-11,94.2517
2000-04-12,91.6668
2000-04-13,90.3939
2000-04-14,85.2241
2000-04-17,88.2006
2000-04-18,90.531
2000-04-19,89.6889
2000-04-20,90.1197
2000-04-24,89.1406
2000-04-25,92.8418
2000-04-26,91.7941
2000-04-27,91.4906
2000-04-28,90.9226
2000-05-01,92.1563
2000-05-02,90.3155
2000-05-03,88.2006
2000-05-04,88.8665
2000-05-05,89.9435
2000-05-08,89.2679
2000-05-09,88.5532
2000-05-10,86.5557
2000-05-11,88.5335
2000-05-12,89.4931
2000-05-15,91.0401
2000-05-16,91.9214
2000-05-17,90.9618
2000-05-18,89.8456
2000-05-19,88.4356
2000-05-22,87.7698
2000-05-23,86.4774
2000-05-24,87.8873
2000-05-25,86.3794
2000-05-26,86.4774
2000-05-30,89.2973
2000-05-31,89.4931
2000-06-01,91.0597
2000-06-02,92.6459
2000-06-05,92.1955
2000-06-06,91.7843
2000-06-07,92.4207
2000-06-08,92.0584
2000-06-09,91.8626
2000-06-12,90.7856
2000-06-13,92.4892
2000-06-14,92.6459
2000-06-15,92.8418
2000-06-16,92.0789
2000-06-19,93.2566
2000-06-20,92.9229
2000-06-21,92.8837
2000-06-22,91.4704
2000-06-23,90.6852
2000-06-26,91.8532
2000-06-27,91.176
2000-06-28,91.4312
2000-06-29,90.5675
2000-06-30,91.2545
2000-07-03,92.5107
2000-07-05,90.8423
2000-07-06,91.5489
2000-07-07,93.0211
2000-07-10,92.8641
2000-07-11,93.0603
2000-07-12,93.6689
2000-07-13,94.081
2000-07-14,95.0036
2000-07-17,94.8466
2000-07-18,94.0712
2000-07-19,93.3155
2000-07-20,94.611
2000-07-21,92.7659
2000-07-24,92.2359
2000-07-25,92.5304
2000-07-26,91.6274
2000-07-27,91.3134
2000-07-28,89.2524
2000-07-31,89.8216
2000-08-01,90.3712
2000-08-02,90.8226
2000-08-03,91.4508
2000-08-04,91.9415
2000-08-07,93.0407
2000-08-08,93.394
2000-08-09,92.6089
2000-08-10,92.1574
2000-08-11,92.5892
2000-08-14,93.767
2000-08-15,93.6885
2000-08-16,93.3548
2000-08-17,94.3362
2000-08-18,94.0222
2000-08-21,94.5325
2000-08-22,94.3755
2000-08-23,94.7485
2000-08-24,95.0429
2000-08-25,95.0036
2000-08-28,95.3275
2000-08-29,95.3471
2000-08-30,94.4343
2000-08-31,95.6906
2000-09-01,95.7888
2000-09-05,95.0232
2000-09-06,93.9436
2000-09-07,94.7485
2000-09-08,94.1007
2000-09-11,93.9633
2000-09-12,93.2762
2000-09-13,93.5216
2000-09-14,93.9927
2000-09-15,91.9363
2000-09-18,91.0902
2000-09-19,91.9167
2000-09-20,91.2378
2000-09-21,89.8505
2000-09-22,91.4837
2000-09-25,90.8343
2000-09-26,89.6734
2000-09-27,90.1456
2000-09-28,91.3066
2000-09-29,90.4408
2000-10-02,90.5785
2000-10-03,89.7324
2000-10-04,90.4802
2000-10-05,90.795
2000-10-06,88.8272
2000-10-09,88.1581
2000-10-10,86.7019
2000-10-11,85.9738
2000-10-12,83.829
2000-10-13,86.6232
2000-10-16,87.0168
2000-10-17,84.8522
2000-10-18,84.5374
2000-10-19,87.7252
2000-10-20,88.0991
2000-10-23,88.4927
2000-10-24,87.9023
2000-10-25,85.8361
2000-10-26,86.0723
2000-10-27,87.7056
2000-10-30,88.4927
2000-10-31,90.0177
2000-11-01,89.7127
2000-11-02,89.8603
2000-11-03,89.9095
2000-11-06,90.5392
2000-11-07,90.5195
2000-11-08,88.5123
2000-11-09,88.1778
2000-11-10,86.0329
2000-11-13,85.3638
2000-11-14,87.6071
2000-11-15,87.8826
2000-11-16,86.5052
2000-11-17,86.0428
2000-11-20,84.8129
2000-11-21,85.2458
2000-11-22,83.2091
2000-11-24,84.9113
2000-11-27,85.659
2000-11-28,84.1832
2000-11-29,84.0257
2000-11-30,83.2976
2000-12-01,83.2583
2000-12-04,83.9667
2000-12-05,86.7216
2000-12-06,85.3343
2000-12-07,84.1635
2000-12-08,84.3602
2000-12-11,87.2923
2000-12-12,86.9184
2000-12-13,85.7279
2000-12-14,84.6358
2000-12-15,82.7242
2000-12-18,83.8294
2000-12-19,82.1221
2000-12-20,79.7436
2000-12-21,80.2963
2000-12-22,82.7044
2000-12-26,83.5926
2000-12-27,84.2045
2000-12-28,84.4611
2000-12-29,82.8623
2001-01-02,81.3621
2001-01-03,85.2704
2001-01-04,84.3526
2001-01-05,81.599
2001-01-08,82.2307
2001-01-09,82.0135
2001-01-10,83.4544
2001-01-11,83.5334
2001-01-12,83.3755
2001-01-16,83.9084
2001-01-17,84.2933
2001-01-18,85.1323
2001-01-19,84.6486
2001-01-22,85.2112
2001-01-23,85.8823
2001-01-24,86.1389
2001-01-25,85.9218
2001-01-26,85.8231
2001-01-29,86.281
2001-01-30,87.039
2001-01-31,86.5462
2001-02-01,87.1211
2001-02-02,85.1441
2001-02-05,85.7694
2001-02-06,85.5167
2001-02-07,85.0746
2001-02-08,84.0829
2001-02-09,83.2744
2001-02-12,84.2282
2001-02-13,83.5397
2001-02-14,83.4134
2001-02-15,84.2219
2001-02-16,82.3648
2001-02-20,81.0953
2001-02-21,79.3457
2001-02-22,79.4657
2001-02-23,78.9288
2001-02-26,80.6089
2001-02-27,79.8636
2001-02-28,78.2908
2001-03-01,78.7014
2001-03-02,78.0761
2001-03-05,78.7898
2001-03-06,79.6362
2001-03-07,80.2047
2001-03-08,80.2931
2001-03-09,77.9181
2001-03-12,74.5831
2001-03-13,75.8085
2001-03-14,74.3115
2001-03-15,74.3305
2001-03-16,72.8396
2001-03-19,74.3216
2001-03-20,72.3267
2001-03-21,71.098
2001-03-22,70.376
2001-03-23,72.504
2001-03-26,73.4287
2001-03-27,74.9296
2001-03-28,72.8587
2001-03-29,73.1373
2001-03-30,73.9036
2001-04-02,72.3267
2001-04-03,69.9137
2001-04-04,70.205
2001-04-05,72.865
2001-04-06,71.7566
2001-04-09,72.5546
2001-04-10,73.8783
2001-04-11,73.929
2001-04-12,75.2717
2001-04-16,74.48
2001-04-17,75.5313
2001-04-18,78.5333
2001-04-19,79.5783
2001-04-20,78.85
2001-04-23,77.4186
2001-04-24,77.0007
2001-04-25,78.0076
2001-04-26,78.356
2001-04-27,79.6607
2001-04-30,80.218
2001-05-01,80.4649
2001-05-02,80.3193
2001-05-03,79.2996
2001-05-04,80.6487
2001-05-07,79.952
2001-05-08,79.914
2001-05-09,79.5783
2001-05-10,79.8126
2001-05-11,79.2616
2001-05-14,79.4199
2001-05-15,79.7873
2001-05-16,81.6683
2001-05-17,81.795
2001-05-18,82.1686
2001-05-21,83.3783
2001-05-22,83.2706
2001-05-23,81.8583
2001-05-24,82.099
2001-05-25,81.13
2001-05-29,80.484
2001-05-30,79.3567
2001-05-31,79.7683
2001-06-01,80.2623
2001-06-04,80.6487
2001-06-05,81.5733
2001-06-06,80.8957
2001-06-07,81.187
2001-06-08,80.4333
2001-06-11,79.8633
2001-06-12,79.724
2001-06-13,79.04
2001-06-14,77.2666
2001-06-15,77.3911
2001-06-18,77.0164
2001-06-19,77.353
2001-06-20,77.7595
2001-06-21,78.6424
2001-06-22,78.0263
2001-06-25,77.3086
2001-06-26,77.2006
2001-06-27,77.1561
2001-06-28,77.5816
2001-06-29,77.8675
2001-07-02,78.8392
2001-07-03,78.8202
2001-07-05,77.2832
2001-07-06,75.6127
2001-07-09,76.0256
2001-07-10,75.111
2001-07-11,75.1872
2001-07-12,76.972
2001-07-13,77.6388
2001-07-16,76.6671
2001-07-17,77.3848
2001-07-18,76.8576
2001-07-19,77.5308
2001-07-20,77.0672
2001-07-23,75.5492
2001-07-24,74.8188
2001-07-25,75.6445
2001-07-26,76.4384
2001-07-27,76.7306
2001-07-30,76.756
2001-07-31,77.0736
2001-08-01,77.5562
2001-08-02,77.8738
2001-08-03,77.4483
2001-08-06,76.4066
2001-08-07,76.7052
2001-08-08,75.2825
2001-08-09,75.5048
2001-08-10,75.7652
2001-08-13,75.7842
2001-08-14,75.7525
2001-08-15,75.0983
2001-08-16,75.3587
2001-08-17,74.152
2001-08-20,74.8379
2001-08-21,73.5613
2001-08-22,74.3234
2001-08-23,74.0566
2001-08-24,75.5937
2001-08-27,75.1427
2001-08-28,74.044
2001-08-29,73.3834
2001-08-30,71.9734
2001-08-31,72.5006
2001-09-04,72.0369
2001-09-05,72.2148
2001-09-06,70.3538
2001-09-07,69.0518
2001-09-10,69.8965
2001-09-17,66.2445
2001-09-18,66.0857
2001-09-19,64.752
2001-09-20,62.6941
2001-09-21,62.0177
2001-09-24,64.198
2001-09-25,64.8674
2001-09-26,64.6379
2001-09-27,65.1989
2001-09-28,66.5823
2001-10-01,66.4739
2001-10-02,67.3091
2001-10-03,68.4375
2001-10-04,68.4949
2001-10-05,68.361
2001-10-08,67.9147
2001-10-09,67.5514
2001-10-10,69.0559
2001-10-11,70.127
2001-10-12,69.8082
2001-10-15,69.6807
2001-10-16,70.1206
2001-10-17,68.6288
2001-10-18,68.4821
2001-10-19,68.4375
2001-10-22,69.789
2001-10-23,69.4321
2001-10-24,69.2472
2001-10-25,70.4903
2001-10-26,70.331
2001-10-29,68.5013
2001-10-30,67.6789
2001-10-31,67.4494
2001-11-01,69.177
2001-11-02,69.6488
2001-11-05,70.5605
2001-11-06,71.657
2001-11-07,71.5613
2001-11-08,71.7844
2001-11-09,71.861
2001-11-12,71.4211
2001-11-13,73.0276
2001-11-14,73.0978
2001-11-15,73.2317
2001-11-16,72.9065
2001-11-19,73.8054
2001-11-20,73.187
2001-11-21,72.7025
2001-11-23,73.7481
2001-11-26,73.9074
2001-11-27,73.5886
2001-11-28,72.2562
2001-11-29,73.2317
2001-11-30,72.7089
2001-12-03,72.2754
2001-12-04,73.4994
2001-12-05,74.8446
2001-12-06,74.8063
2001-12-07,74.3091
2001-12-10,72.9192
2001-12-11,72.7726
2001-12-12,72.8555
2001-12-13,71.4402
2001-12-14,72.1224
2001-12-17,72.8682
2001-12-18,73.3018
2001-12-19,73.8182
2001-12-20,73.0914
2001-12-21,73.5347
2001-12-24,73.394
2001-12-26,73.797
2001-12-27,74.2448
2001-12-28,74.2064
2001-12-31,73.1189
2002-01-02,73.9058
2002-01-03,74.7438
2002-01-04,75.2428
2002-01-07,74.7118
2002-01-08,74.5391
2002-01-09,73.9313
2002-01-10,74.2576
2002-01-11,73.5283
2002-01-14,73.0677
2002-01-15,73.6626
2002-01-16,72.1721
2002-01-17,72.7159
2002-01-18,72.3833
2002-01-22,71.8843
2002-01-23,72.4344
2002-01-24,72.6583
2002-01-25,72.6391
2002-01-28,72.8374
2002-01-29,70.5473
2002-01-30,71.5644
2002-01-31,72.4024
2002-02-01,72.0634
2002-02-04,70.2722
2002-02-05,69.8372
2002-02-06,69.5365
2002-02-07,69.1015
2002-02-08,70.4257
2002-02-11,71.2893
2002-02-12,71.0654
2002-02-13,71.8203
2002-02-14,71.686
2002-02-15,70.9375
2002-02-19,69.5749
2002-02-20,70.7456
2002-02-21,69.2806
2002-02-22,70.1378
2002-02-25,71.2957
2002-02-26,71.1485
2002-02-27,71.4237
2002-02-28,71.1038
2002-03-01,72.7607
2002-03-04,74.0465
2002-03-05,73.8098
2002-03-06,74.6862
2002-03-07,74.5263
2002-03-08,74.8397
2002-03-11,74.9997
2002-03-12,74.9549
2002-03-13,74.232
2002-03-14,74.1296
2002-03-15,74.836
2002-03-18,74.8488
2002-03-19,75.3492
2002-03-20,73.9314
2002-03-21,73.9635
2002-03-22,73.8031
2002-03-25,72.8857
2002-03-26,73.3091
2002-03-27,73.5016
2002-03-28,73.4695
2002-04-01,73.5016
2002-04-02,73.0974
2002-04-03,72.5842
2002-04-04,72.2827
2002-04-05,72.2955
2002-04-08,72.4494
2002-04-09,71.9426
2002-04-10,72.7574
2002-04-11,70.9482
2002-04-12,71.4807
2002-04-15,70.9354
2002-04-16,72.6226
2002-04-17,72.4687
2002-04-18,72.1543
2002-04-19,72.4174
2002-04-22,71.2112
2002-04-23,70.9033
2002-04-24,70.1912
2002-04-25,70.2297
2002-04-26,68.8953
2002-04-29,68.5553
2002-04-30,69.1968
2002-05-01,70.0436
2002-05-02,69.7742
2002-05-03,69.0172
2002-05-06,67.6635
2002-05-07,67.4261
2002-05-08,69.9346
2002-05-09,69.1263
2002-05-10,67.8239
2002-05-13,69.2032
2002-05-14,70.7109
2002-05-15,70.435
2002-05-16,70.8007
2002-05-17,71.1471
2002-05-20,70.3773
2002-05-21,69.7357
2002-05-22,69.8896
2002-05-23,70.6339
2002-05-24,69.7293
2002-05-28,69.3508
2002-05-29,68.8376
2002-05-30,68.6451
2002-05-31,68.7862
2002-06-03,66.9578
2002-06-04,67.1246
2002-06-05,67.7533
2002-06-06,66.374
2002-06-07,66.297
2002-06-10,66.5536
2002-06-11,65.4117
2002-06-12,65.8095
2002-06-13,65.1487
2002-06-14,65.0525
2002-06-17,66.7974
2002-06-18,67.3428
2002-06-19,65.7709
2002-06-20,64.9305
2002-06-21,63.9153
2002-06-24,64.2501
2002-06-25,62.808
2002-06-26,62.911
2002-06-27,64.0119
2002-06-28,63.7093
2002-07-01,62.4668
2002-07-02,61.1406
2002-07-03,61.4882
2002-07-05,63.9346
2002-07-08,63.1363
2002-07-09,61.5462
2002-07-10,59.3058
2002-07-11,59.7886
2002-07-12,59.132
2002-07-15,59.4474
2002-07-16,58.3015
2002-07-17,58.4174
2002-07-18,56.5246
2002-07-19,54.5353
2002-07-22,52.9194
2002-07-23,51.4709
2002-07-24,54.5417
2002-07-25,54.0782
2002-07-26,55.1083
2002-07-29,57.7929
2002-07-30,58.5461
2002-07-31,58.6877
2002-08-01,57.1555
2002-08-02,55.8744
2002-08-05,53.9302
2002-08-06,55.7457
2002-08-07,56.7178
2002-08-08,58.5525
2002-08-09,58.7714
2002-08-12,58.3401
2002-08-13,57.2778
2002-08-14,59.3702
2002-08-15,60.1942
2002-08-16,60.014
2002-08-19,61.4174
2002-08-20,60.7672
2002-08-21,61.6427
2002-08-22,62.2414
2002-08-23,60.9024
2002-08-26,61.3273
2002-08-27,60.6191
2002-08-28,59.2929
2002-08-29,59.3187
2002-08-30,59.0869
2002-09-03,56.8337
2002-09-04,57.6448
2002-09-05,57.1555
2002-09-06,57.9409
2002-09-09,58.3658
2002-09-10,59.0354
2002-09-11,58.6684
2002-09-12,57.5869
2002-09-13,57.7285
2002-09-16,57.8701
2002-09-17,56.5439
2002-09-18,55.9774
2002-09-19,54.5289
2002-09-20,54.547
2002-09-23,54.1008
2002-09-24,53.2278
2002-09-25,54.547
2002-09-26,55.4394
2002-09-27,53.5123
2002-09-30,52.8915
2002-10-01,55.4329
2002-10-02,53.771
2002-10-03,53.2278
2002-10-04,52.2513
2002-10-07,51.1713
2002-10-08,51.9732
2002-10-09,50.5052
2002-10-10,52.1413
2002-10-11,54.4241
2002-10-14,54.728
2002-10-15,57.36
2002-10-16,55.9697
2002-10-17,57.0819
2002-10-18,57.3212
2002-10-21,58.3106
2002-10-22,57.8903
2002-10-23,58.3301
2002-10-24,57.1402
2002-10-25,58.3301
2002-10-28,57.9485
2002-10-29,57.2759
2002-10-30,57.8321
2002-10-31,57.2436
2002-11-01,58.3753
2002-11-04,58.9315
2002-11-05,59.397
2002-11-06,60.1666
2002-11-07,58.6921
2002-11-08,57.9744
2002-11-11,57.0755
2002-11-12,57.5281
2002-11-13,57.5863
2002-11-14,58.6728
2002-11-15,59.106
2002-11-18,58.5111
2002-11-19,58.4335
2002-11-20,59.7333
2002-11-21,60.8456
2002-11-22,60.4123
2002-11-25,60.4511
2002-11-26,59.3
2002-11-27,60.9684
2002-11-29,60.7745
2002-12-02,60.8714
2002-12-03,60.0567
2002-12-04,59.785
2002-12-05,59.1254
2002-12-06,59.5135
2002-12-09,57.8774
2002-12-10,58.6534
2002-12-11,58.7051
2002-12-12,58.6986
2002-12-13,57.7739
2002-12-16,59.2677
2002-12-17,58.7503
2002-12-18,58.0714
2002-12-19,57.6575
2002-12-20,58.4802
2002-12-23,58.4997
2002-12-24,58.0643
2002-12-26,58.0903
2002-12-27,56.784
2002-12-30,57.2585
2002-12-31,57.3365
2003-01-02,59.182
2003-01-03,59.364
2003-01-06,60.4103
2003-01-07,60.2608
2003-01-08,59.39
2003-01-09,60.3128
2003-01-10,60.4752
2003-01-13,60.4557
2003-01-14,60.6507
2003-01-15,60.0464
2003-01-16,59.7994
2003-01-17,58.9156
2003-01-21,57.9993
2003-01-22,57.2975
2003-01-23,57.6484
2003-01-24,56.1342
2003-01-27,55.3674
2003-01-28,55.7768
2003-01-29,56.1992
2003-01-30,54.867
2003-01-31,55.9263
2003-02-03,56.0368
2003-02-04,55.4844
2003-02-05,55.14
2003-02-06,54.88
2003-02-07,54.2106
2003-02-10,54.5941
2003-02-11,54.2172
2003-02-12,53.3529
2003-02-13,53.5153
2003-02-14,54.6851
2003-02-18,55.6468
2003-02-19,55.3544
2003-02-20,54.802
2003-02-21,55.3544
2003-02-24,54.4576
2003-02-25,54.893
2003-02-26,54.0937
2003-02-27,54.8085
2003-02-28,55.1724
2003-03-03,54.6461
2003-03-04,53.7753
2003-03-05,54.2302
2003-03-06,53.7753
2003-03-07,54.1457
2003-03-10,52.846
2003-03-11,52.3261
2003-03-12,52.677
2003-03-13,54.4966
2003-03-14,54.6721
2003-03-17,56.3942
2003-03-18,56.7256
2003-03-19,57.161
2003-03-20,57.2845
2003-03-21,58.5072
2003-03-24,56.5628
2003-03-25,57.1044
2003-03-26,56.8173
2003-03-27,56.863
2003-03-28,56.5759
2003-03-31,55.2905
2003-04-01,56.1387
2003-04-02,57.4959
2003-04-03,57.2218
2003-04-04,57.5611
2003-04-07,57.4502
2003-04-08,57.5415
2003-04-09,56.7847
2003-04-10,57.0979
2003-04-11,56.863
2003-04-14,58.0374
2003-04-15,58.579
2003-04-16,57.5807
2003-04-17,58.4354
2003-04-21,58.4942
2003-04-22,59.5968
2003-04-23,60.1449
2003-04-24,59.6099
2003-04-25,58.8726
2003-04-28,59.8904
2003-04-29,60.0992
2003-04-30,59.9687
2003-05-01,59.9622
2003-05-02,60.817
2003-05-05,60.6995
2003-05-06,61.2737
2003-05-07,60.9344
2003-05-08,60.3211
2003-05-09,61.1562
2003-05-12,61.9066
2003-05-13,61.7956
2003-05-14,61.6652
2003-05-15,62.0567
2003-05-16,61.9001
2003-05-19,60.4516
2003-05-20,60.3276
2003-05-21,60.4516
2003-05-22,61.0518
2003-05-23,61.1758
2003-05-27,62.2459
2003-05-28,62.422
2003-05-29,62.2589
2003-05-30,63.2572
2003-06-02,63.5182
2003-06-03,63.7792
2003-06-04,64.6991
2003-06-05,65.0189
2003-06-06,64.7644
2003-06-09,64.1054
2003-06-10,64.7579
2003-06-11,65.443
2003-06-12,65.6452
2003-06-13,64.9601
2003-06-16,66.3303
2003-06-17,66.3303
2003-06-18,66.2716
2003-06-19,65.2603
2003-06-20,65.1162
2003-06-23,64.4483
2003-06-24,64.5138
2003-06-25,63.8655
2003-06-26,64.6971
2003-06-27,63.9506
2003-06-30,63.931
2003-07-01,64.5204
2003-07-02,65.3323
2003-07-03,64.6578
2003-07-07,65.9413
2003-07-08,66.236
2003-07-09,65.8627
2003-07-10,65.0246
2003-07-11,65.6401
2003-07-14,65.961
2003-07-15,65.8169
2003-07-16,65.4305
2003-07-17,64.5007
2003-07-18,65.1621
2003-07-21,64.3566
2003-07-22,64.9394
2003-07-23,64.9852
2003-07-24,64.4941
2003-07-25,65.6335
2003-07-28,65.3912
2003-07-29,65.09
2003-07-30,64.9329
2003-07-31,65.0835
2003-08-01,64.5073
2003-08-04,64.5073
2003-08-05,63.1386
2003-08-06,63.5053
2003-08-07,64.1733
2003-08-08,64.3566
2003-08-11,64.5989
2003-08-12,65.1883
2003-08-13,64.8543
2003-08-14,65.0311
2003-08-15,65.2341
2003-08-18,65.7972
2003-08-19,66.0461
2003-08-20,65.7776
2003-08-21,65.9872
2003-08-22,65.3323
2003-08-25,65.4371
2003-08-26,65.5549
2003-08-27,65.5746
2003-08-28,65.9806
2003-08-29,66.4259
2003-09-02,67.3164
2003-09-03,67.6832
2003-09-04,67.7159
2003-09-05,67.3361
2003-09-08,67.8927
2003-09-09,67.4474
2003-09-10,66.7664
2003-09-11,66.9628
2003-09-12,67.0873
2003-09-15,66.8515
2003-09-16,67.8272
2003-09-17,67.6963
2003-09-18,68.4951
2003-09-19,68.1467
2003-09-22,67.4105
2003-09-23,67.6669
2003-09-24,66.464
2003-09-25,65.9184
2003-09-26,65.7014
2003-09-29,66.3456
2003-09-30,65.7014
2003-10-01,67.1016
2003-10-02,67.3448
2003-10-03,67.9627
2003-10-06,68.2717
2003-10-07,68.5346
2003-10-08,68.3637
2003-10-09,68.5477
2003-10-10,68.7384
2003-10-13,68.9553
2003-10-14,69.1985
2003-10-15,69.0145
2003-10-16,69.2905
2003-10-17,68.5346
2003-10-20,69.0473
2003-10-21,68.929
2003-10-22,68.0613
2003-10-23,67.9364
2003-10-24,68.0876
2003-10-27,68.1205
2003-10-28,69.0473
2003-10-29,69.1393
2003-10-30,69.284
2003-10-31,69.2182
2003-11-03,69.6718
2003-11-04,69.5206
2003-11-05,69.5732
2003-11-06,69.9413
2003-11-07,69.422
2003-11-10,69.1393
2003-11-11,69.1196
2003-11-12,69.8953
2003-11-13,69.915
2003-11-14,69.3234
2003-11-17,68.975
2003-11-18,68.2585
2003-11-19,68.837
2003-11-20,68.219
2003-11-21,68.5017
2003-11-24,69.4088
2003-11-25,69.6718
2003-11-26,69.9216
2003-11-28,69.9742
2003-12-01,70.7301
2003-12-02,70.5526
2003-12-03,70.4409
2003-12-04,70.7301
2003-12-05,70.2371
2003-12-08,70.7104
2003-12-09,70.1648
2003-12-10,70.1582
2003-12-11,70.947
2003-12-12,71.0851
2003-12-15,70.7301
2003-12-16,71.0982
2003-12-17,71.3217
2003-12-18,72.1237
2003-12-19,71.9229
2003-12-22,72.4249
2003-12-23,72.4711
2003-12-24,72.3984
2003-12-26,72.4513
2003-12-29,73.4155
2003-12-30,73.4287
2003-12-31,73.4948
2004-01-02,73.4617
2004-01-05,74.2609
2004-01-06,74.3336
2004-01-07,74.5845
2004-01-08,74.8817
2004-01-09,74.2279
2004-01-12,74.776
2004-01-13,74.3401
2004-01-14,74.961
2004-01-15,75.1459
2004-01-16,75.4431
2004-01-20,75.4233
2004-01-21,76.0177
2004-01-22,75.8196
2004-01-23,75.5752
2004-01-26,76.5263
2004-01-27,75.7403
2004-01-28,74.8751
2004-01-29,74.9478
2004-01-30,74.9478
2004-02-02,75.2714
2004-02-03,75.1459
2004-02-04,74.5317
2004-02-05,74.7496
2004-02-06,75.5884
2004-02-09,75.6082
2004-02-10,75.8526
2004-02-11,76.6583
2004-02-12,76.3809
2004-02-13,76.0375
2004-02-17,76.7244
2004-02-18,76.3875
2004-02-19,76.1035
2004-02-20,75.8724
2004-02-23,75.6809
2004-02-24,75.5488
2004-02-25,75.8658
2004-02-26,75.912
2004-02-27,75.9648
2004-03-01,76.7178
2004-03-02,76.2687
2004-03-03,76.4073
2004-03-04,76.6055
2004-03-05,76.863
2004-03-08,75.9252
2004-03-09,75.6214
2004-03-10,74.3533
2004-03-11,73.3891
2004-03-12,74.3533
2004-03-15,73.4419
2004-03-16,73.8316
2004-03-17,74.6572
2004-03-18,74.6769
2004-03-19,73.6066
2004-03-22,72.6721
2004-03-23,72.5462
2004-03-24,72.6058
2004-03-25,73.5668
2004-03-26,73.5867
2004-03-29,74.6206
2004-03-30,74.8725
2004-03-31,74.9586
2004-04-01,75.4093
2004-04-02,75.9793
2004-04-05,76.3969
2004-04-06,76.1516
2004-04-07,75.9727
2004-04-08,75.8003
2004-04-12,76.0986
2004-04-13,75.0316
2004-04-14,75.1509
2004-04-15,74.8659
2004-04-16,75.4425
2004-04-19,75.4425
2004-04-20,74.1766
2004-04-21,74.6737
2004-04-22,75.7208
2004-04-23,75.7937
2004-04-26,75.6877
2004-04-27,75.754
2004-04-28,74.7731
2004-04-29,74.1169
2004-04-30,73.5403
2004-05-03,74.329
2004-05-04,74.2694
2004-05-05,74.7466
2004-05-06,74.1037
2004-05-07,72.8776
2004-05-10,72.1286
2004-05-11,72.7384
2004-05-12,73.2023
2004-05-13,72.8974
2004-05-14,72.9306
2004-05-17,72.3076
2004-05-18,72.6721
2004-05-19,72.4203
2004-05-20,72.6522
2004-05-21,72.7782
2004-05-24,73.083
2004-05-25,74.1302
2004-05-26,74.3887
2004-05-27,74.8062
2004-05-28,74.7996
2004-06-01,74.7002
2004-06-02,74.9786
2004-06-03,74.2893
2004-06-04,74.8791
2004-06-07,76.0191
2004-06-08,76.1251
2004-06-09,75.4159
2004-06-10,75.7871
2004-06-14,75.0382
2004-06-15,75.5684
2004-06-16,75.5551
2004-06-17,75.4425
2004-06-18,75.5848
2004-06-21,75.2988
2004-06-22,75.678
2004-06-23,76.3298
2004-06-24,76.0904
2004-06-25,75.7245
2004-06-28,75.4651
2004-06-29,75.7777
2004-06-30,76.1835
2004-07-01,75.1258
2004-07-02,75.0859
2004-07-06,74.4274
2004-07-07,74.6469
2004-07-08,74.1281
2004-07-09,74.321
2004-07-12,74.3542
2004-07-13,74.4074
2004-07-14,74.1813
2004-07-15,73.7023
2004-07-16,73.6425
2004-07-19,73.3298
2004-07-20,74.2611
2004-07-21,72.8908
2004-07-22,73.0904
2004-07-23,72.4784
2004-07-26,72.3387
2004-07-27,73.0172
2004-07-28,73.2367
2004-07-29,73.5494
2004-07-30,73.729
2004-08-02,73.8819
2004-08-03,73.3099
2004-08-04,73.3032
2004-08-05,72.1059
2004-08-06,71.0749
2004-08-09,71.1746
2004-08-10,72.0926
2004-08-11,71.9463
2004-08-12,71.1613
2004-08-13,71.3011
2004-08-16,72.0394
2004-08-17,72.4451
2004-08-18,73.1902
2004-08-19,72.9773
2004-08-20,73.4895
2004-08-23,73.3032
2004-08-24,73.403
2004-08-25,73.9019
2004-08-26,73.9019
2004-08-27,74.1347
2004-08-30,73.5227
2004-08-31,73.9086
2004-09-01,74.0482
2004-09-02,74.8864
2004-09-03,74.5804
2004-09-07,75.0726
2004-09-08,74.8864
2004-09-09,74.8198
2004-09-10,75.2057
2004-09-13,75.4518
2004-09-14,75.6048
2004-09-15,75.0327
2004-09-16,75.2589
2004-09-17,75.5788
2004-09-20,75.1246
2004-09-21,75.4519
2004-09-22,74.5101
2004-09-23,74.1093
2004-09-24,74.45
2004-09-27,73.9757
2004-09-28,74.3298
2004-09-29,74.7038
2004-09-30,74.6504
2004-10-01,75.9128
2004-10-04,76.0397
2004-10-05,76.0798
2004-10-06,76.6008
2004-10-07,75.7792
2004-10-08,75.1513
2004-10-11,75.4586
2004-10-12,75.1647
2004-10-13,74.5034
2004-10-14,73.9023
2004-10-15,74.3164
2004-10-18,74.597
2004-10-19,73.9691
2004-10-20,73.8221
2004-10-21,74.303
2004-10-22,73.4681
2004-10-25,73.3813
2004-10-26,74.5034
2004-10-27,75.3985
2004-10-28,75.6256
2004-10-29,75.6122
2004-11-01,75.8193
2004-11-02,75.846
2004-11-03,76.8012
2004-11-04,77.8499
2004-11-05,78.3375
2004-11-08,78.2239
2004-11-09,78.0703
2004-11-10,78.1304
2004-11-11,78.7249
2004-11-12,79.3461
2004-11-15,79.541
2004-11-16,78.9716
2004-11-17,79.4406
2004-11-18,79.5477
2004-11-19,78.6634
2004-11-22,79.0386
2004-11-23,79.1592
2004-11-24,79.3467
2004-11-26,79.2865
2004-11-29,78.9247
2004-11-30,78.9783
2004-12-01,79.876
2004-12-02,79.943
2004-12-03,79.8894
2004-12-06,79.8626
2004-12-07,79.1189
2004-12-08,79.5812
2004-12-09,79.8626
2004-12-10,79.943
2004-12-13,80.6397
2004-12-14,80.9211
2004-12-15,80.9814
2004-12-16,80.9345
2004-12-17,80.3947
2004-12-20,80.4148
2004-12-21,81.0341
2004-12-22,81.2293
2004-12-23,81.2899
2004-12-27,81.1216
2004-12-28,81.5658
2004-12-29,81.687
2004-12-30,81.5322
2004-12-31,81.3572
2005-01-03,80.9735
2005-01-04,79.9841
2005-01-05,79.4321
2005-01-06,79.836
2005-01-07,79.7215
2005-01-10,80.0985
2005-01-11,79.5466
2005-01-12,79.8091
2005-01-13,79.1696
2005-01-14,79.587
2005-01-18,80.4148
2005-01-19,79.5735
2005-01-20,79.0888
2005-01-21,78.6042
2005-01-24,78.4494
2005-01-25,78.6716
2005-01-26,78.9071
2005-01-27,79.0417
2005-01-28,79.0417
2005-01-31,79.5331
2005-02-01,80.0379
2005-02-02,80.2803
2005-02-03,80.0716
2005-02-04,80.9264
2005-02-07,80.8187
2005-02-08,80.913
2005-02-09,80.3072
2005-02-10,80.5966
2005-02-11,81.2899
2005-02-14,81.2293
2005-02-15,81.5322
2005-02-16,81.5861
2005-02-17,80.9264
2005-02-18,81.0341
2005-02-22,79.8293
2005-02-23,80.4014
2005-02-24,80.9331
2005-02-25,81.7341
2005-02-28,81.1956
2005-03-01,81.5995
2005-03-02,81.5591
2005-03-03,81.5928
2005-03-04,82.6092
2005-03-07,82.6496
2005-03-08,82.3399
2005-03-09,81.4245
2005-03-10,81.6062
2005-03-11,81.0341
2005-03-14,81.5389
2005-03-15,80.8658
2005-03-16,80.1793
2005-03-17,80.3408
2005-03-18,80.1023
2005-03-21,79.805
2005-03-22,78.994
2005-03-23,79.0616
2005-03-24,79.1562
2005-03-28,79.2711
2005-03-29,78.7441
2005-03-30,79.859
2005-03-31,79.7104
2005-04-01,79.3522
2005-04-04,79.4873
2005-04-05,79.8658
2005-04-06,80.1428
2005-04-07,80.5753
2005-04-08,79.7374
2005-04-11,79.7982
2005-04-12,80.2104
2005-04-13,79.2644
2005-04-14,78.2305
2005-04-15,77.1358
2005-04-18,77.3723
2005-04-19,77.9872
2005-04-20,76.8993
2005-04-21,78.3927
2005-04-22,78.0953
2005-04-25,78.6089
2005-04-26,77.8453
2005-04-27,78.1494
2005-04-28,77.1696
2005-04-29,78.217
2005-05-02,78.6562
2005-05-03,78.7914
2005-05-04,79.3995
2005-05-05,79.3725
2005-05-06,79.1225
2005-05-09,79.6158
2005-05-10,78.7914
2005-05-11,79.2238
2005-05-12,78.3521
2005-05-13,78.1967
2005-05-16,78.9265
2005-05-17,79.4536
2005-05-18,80.2712
2005-05-19,80.6091
2005-05-20,80.4942
2005-05-23,80.9402
2005-05-24,80.751
2005-05-25,80.6902
2005-05-26,81.1226
2005-05-27,81.2578
2005-05-31,80.7375
2005-06-01,81.4267
2005-06-02,81.6024
2005-06-03,81.1902
2005-06-06,81.1159
2005-06-07,81.1767
2005-06-08,81.0281
2005-06-09,81.4132
2005-06-10,81.224
2005-06-13,81.4808
2005-06-14,81.67
2005-06-15,81.8254
2005-06-16,82.0349
2005-06-17,82.3389
2005-06-20,82.366
2005-06-21,82.4135
2005-06-22,82.4813
2005-06-23,81.3212
2005-06-24,80.7241
2005-06-27,80.8394
2005-06-28,81.5179
2005-06-29,81.3008
2005-06-30,80.8598
2005-07-01,81.0972
2005-07-05,81.7486
2005-07-06,81.0633
2005-07-07,81.3822
2005-07-08,82.3117
2005-07-11,82.7324
2005-07-12,82.9495
2005-07-13,83.0648
2005-07-14,83.3905
2005-07-15,83.343
2005-07-18,83.0105
2005-07-19,83.4651
2005-07-20,83.7501
2005-07-21,83.2616
2005-07-22,83.8179
2005-07-25,83.5805
2005-07-26,83.6822
2005-07-27,83.9875
2005-07-28,84.5167
2005-07-29,83.9536
2005-08-01,83.8926
2005-08-02,84.3946
2005-08-03,84.6185
2005-08-04,83.9401
2005-08-05,83.3701
2005-08-08,83.2141
2005-08-09,83.7161
2005-08-10,83.6755
2005-08-11,84.0079
2005-08-12,83.4923
2005-08-15,84.0079
2005-08-16,82.9156
2005-08-17,82.9088
2005-08-18,82.902
2005-08-19,83.0919
2005-08-22,83.0919
2005-08-23,82.9359
2005-08-24,82.1964
2005-08-25,82.4949
2005-08-26,81.9318
2005-08-29,82.5628
2005-08-30,82.1285
2005-08-31,83.1666
2005-09-01,83.1055
2005-09-02,82.9563
2005-09-06,83.9265
2005-09-07,84.0689
2005-09-08,83.7908
2005-09-09,84.5371
2005-09-12,84.3675
2005-09-13,83.8994
2005-09-14,83.594
2005-09-15,83.5533
2005-09-16,84.1474
2005-09-19,83.8681
2005-09-20,83.1595
2005-09-21,82.3827
2005-09-22,82.6757
2005-09-23,82.7438
2005-09-26,82.8392
2005-09-27,82.8188
2005-09-28,82.9006
2005-09-29,83.5751
2005-09-30,83.834
2005-10-03,83.5342
2005-10-04,82.594
2005-10-05,81.5106
2005-10-06,81.2176
2005-10-07,81.497
2005-10-10,80.8088
2005-10-11,80.693
2005-10-12,80.0593
2005-10-13,80.0116
2005-10-14,80.8565
2005-10-17,81.1563
2005-10-18,80.2774
2005-10-19,81.6128
2005-10-20,80.1751
2005-10-21,80.4886
2005-10-24,81.7355
2005-10-25,81.5719
2005-10-26,81.3335
2005-10-27,80.4681
2005-10-28,81.6264
2005-10-31,81.8513
2005-11-01,82.0966
2005-11-02,82.9551
2005-11-03,83.3094
2005-11-04,83.2004
2005-11-07,83.2821
2005-11-08,83.2821
2005-11-09,83.3911
2005-11-10,84.0384
2005-11-11,84.3246
2005-11-14,84.2769
2005-11-15,83.9703
2005-11-16,84.1406
2005-11-17,84.9242
2005-11-18,85.2581
2005-11-21,85.6873
2005-11-22,86.0553
2005-11-23,86.5527
2005-11-25,86.6208
2005-11-28,86.0076
2005-11-29,85.9122
2005-11-30,85.4489
2005-12-01,86.321
2005-12-02,86.43
2005-12-05,86.246
2005-12-06,86.4095
2005-12-07,85.9053
2005-12-08,85.8509
2005-12-09,86.0757
2005-12-12,86.1575
2005-12-13,86.7434
2005-12-14,87.0841
2005-12-15,86.832
2005-12-16,86.5526
2005-12-19,86.1073
2005-12-20,86.1895
2005-12-21,86.3265
2005-12-22,86.7786
2005-12-23,86.8265
2005-12-27,85.9429
2005-12-28,86.1347
2005-12-29,85.7511
2005-12-30,85.2853
2006-01-03,86.7854
2006-01-04,87.1964
2006-01-05,87.2512
2006-01-06,87.9773
2006-01-09,88.2033
2006-01-10,88.2923
2006-01-11,88.5732
2006-01-12,88.2239
2006-01-13,88.1416
2006-01-17,87.9019
2006-01-18,87.5526
2006-01-19,87.8882
2006-01-20,86.2854
2006-01-23,86.5936
2006-01-24,86.6827
2006-01-25,86.758
2006-01-26,87.2375
2006-01-27,88.0458
2006-01-30,87.9773
2006-01-31,87.3334
2006-02-01,87.943
2006-02-02,86.9224
2006-02-03,86.4909
2006-02-06,86.7169
2006-02-07,85.9498
2006-02-08,86.7306
2006-02-09,86.5868
2006-02-10,86.7443
2006-02-13,86.5868
2006-02-14,87.5046
2006-02-15,87.8129
2006-02-16,88.4705
2006-02-17,88.2307
2006-02-21,88.0115
2006-02-22,88.5458
2006-02-23,88.4157
2006-02-24,88.6417
2006-02-27,88.6759
2006-02-28,87.8334
2006-03-01,88.6143
2006-03-02,88.6074
2006-03-03,88.1965
2006-03-06,87.7923
2006-03-07,87.6553
2006-03-08,87.8403
2006-03-09,87.2512
2006-03-10,88.08
2006-03-13,88.2444
2006-03-14,89.1691
2006-03-15,89.5664
2006-03-16,89.7513
2006-03-17,89.8263
2006-03-20,89.6819
2006-03-21,89.118
2006-03-22,89.6612
2006-03-23,89.4756
2006-03-24,89.5443
2006-03-27,89.4137
2006-03-28,88.8635
2006-03-29,89.4205
2006-03-30,89.2624
2006-03-31,89.283
2006-04-03,89.2142
2006-04-04,89.785
2006-04-05,90.0945
2006-04-06,89.9982
2006-04-07,89.0836
2006-04-10,89.2211
2006-04-11,88.4647
2006-04-12,88.6297
2006-04-13,88.5128
2006-04-17,88.4784
2006-04-18,89.8813
2006-04-19,90.0532
2006-04-20,90.177
2006-04-21,90.1908
2006-04-24,90.0257
2006-04-25,89.6544
2006-04-26,89.675
2006-04-27,90.1083
2006-04-28,90.4109
2006-05-01,89.675
2006-05-02,90.3489
2006-05-03,90.012
2006-05-04,90.3352
2006-05-05,91.1329
2006-05-08,91.0229
2006-05-09,91.2016
2006-05-10,91.1535
2006-05-11,90.0532
2006-05-12,88.8773
2006-05-15,89.0561
2006-05-16,88.9254
2006-05-17,87.2337
2006-05-18,86.7936
2006-05-19,87.4056
2006-05-22,86.7385
2006-05-23,86.0783
2006-05-24,86.7661
2006-05-25,87.8389
2006-05-26,88.2859
2006-05-30,86.7179
2006-05-31,87.6876
2006-06-01,88.5266
2006-06-02,88.7122
2006-06-05,87.4193
2006-06-06,87.2062
2006-06-07,86.5529
2006-06-08,86.4772
2006-06-09,86.2021
2006-06-12,85.2669
2006-06-13,84.2766
2006-06-14,84.9299
2006-06-15,86.7317
2006-06-16,86.0996
2006-06-19,85.4227
2006-06-20,85.7128
2006-06-21,86.3483
2006-06-22,85.9684
2006-06-23,85.9546
2006-06-26,86.3345
2006-06-27,85.5885
2006-06-28,86.1687
2006-06-29,87.9093
2006-06-30,87.9163
2006-07-03,88.2755
2006-07-05,87.7712
2006-07-06,88.0268
2006-07-07,87.4535
2006-07-10,87.6193
2006-07-11,88.0061
2006-07-12,87.0667
2006-07-13,85.6507
2006-07-14,85.3191
2006-07-17,85.1948
2006-07-18,85.6299
2006-07-19,86.818
2006-07-20,86.224
2006-07-21,85.6161
2006-07-24,87.1772
2006-07-25,87.488
2006-07-26,87.6054
2006-07-27,87.5226
2006-07-28,88.3998
2006-07-31,88.31
2006-08-01,87.8748
2006-08-02,88.4688
2006-08-03,88.7037
2006-08-04,88.5517
2006-08-07,88.3445
2006-08-08,88.0061
2006-08-09,87.7091
2006-08-10,87.9785
2006-08-11,87.7298
2006-08-14,87.7989
2006-08-15,88.8487
2006-08-16,89.5878
2006-08-17,89.8158
2006-08-18,90.2717
2006-08-21,89.8849
2006-08-22,89.878
2006-08-23,89.6293
2006-08-24,89.5533
2006-08-25,89.6638
2006-08-28,90.0921
2006-08-29,90.1957
2006-08-30,90.251
2006-08-31,90.2371
2006-09-01,90.7759
2006-09-05,90.9486
2006-09-06,90.1473
2006-09-07,89.7329
2006-09-08,89.9885
2006-09-11,90.0782
2006-09-12,90.9624
2006-09-13,91.3285
2006-09-14,91.3354
2006-09-15,91.5498
2006-09-18,91.6747
2006-09-19,91.4457
2006-09-20,91.9313
2006-09-21,91.4873
2006-09-22,91.2098
2006-09-25,91.9105
2006-09-26,92.6737
2006-09-27,92.7847
2006-09-28,92.75
2006-09-29,92.6737
2006-10-02,92.3268
2006-10-03,92.521
2006-10-04,93.6033
2006-10-05,93.7837
2006-10-06,93.6658
2006-10-09,93.7212
2006-10-10,93.8461
2006-10-11,93.7351
2006-10-12,94.5468
2006-10-13,94.7897
2006-10-16,94.9354
2006-10-17,94.637
2006-10-18,94.7619
2006-10-19,94.9145
2006-10-20,94.9354
2006-10-23,95.3725
2006-10-24,95.6569
2006-10-25,95.9829
2006-10-26,96.2813
2006-10-27,95.6777
2006-10-30,95.6083
2006-10-31,95.5944
2006-11-01,94.9492
2006-11-02,94.8937
2006-11-03,94.7272
2006-11-06,95.7956
2006-11-07,96.1633
2006-11-08,96.3715
2006-11-09,95.865
2006-11-10,95.9067
2006-11-13,96.1425
2006-11-14,96.864
2006-11-15,97.1416
2006-11-16,97.3913
2006-11-17,97.4191
2006-11-20,97.4745
2006-11-21,97.5717
2006-11-22,97.7659
2006-11-24,97.3705
2006-11-27,96.0316
2006-11-28,96.4478
2006-11-29,97.4537
2006-11-30,97.4954
2006-12-01,97.2803
2006-12-04,98.0227
2006-12-05,98.4458
2006-12-06,98.3626
2006-12-07,97.9324
2006-12-08,98.1128
2006-12-11,98.3973
2006-12-12,98.3209
2006-12-13,98.425
2006-12-14,99.2922
2006-12-15,99.3013
2006-12-18,99.0292
2006-12-19,99.2176
2006-12-20,99.1618
2006-12-21,98.799
2006-12-22,98.192
2006-12-26,98.7711
2006-12-27,99.4199
2006-12-28,99.2106
2006-12-29,98.799
2007-01-03,98.6246
2007-01-04,98.8339
2007-01-05,98.0456
2007-01-08,98.499
2007-01-09,98.4153
2007-01-10,98.7432
2007-01-11,99.1757
2007-01-12,99.9292
2007-01-16,99.7338
2007-01-17,99.7757
2007-01-18,99.4408
2007-01-19,99.6361
2007-01-22,99.3292
2007-01-23,99.6222
2007-01-24,100.424
2007-01-25,99.2455
2007-01-26,99.1548
2007-01-29,99.099
2007-01-30,99.6153
2007-01-31,100.285
2007-02-01,100.885
2007-02-02,101.024
2007-02-05,101.052
2007-02-06,101.08
2007-02-07,101.304
2007-02-08,101.171
2007-02-09,100.418
2007-02-12,100.076
2007-02-13,100.92
2007-02-14,101.583
2007-02-15,101.715
2007-02-16,101.666
2007-02-20,101.883
2007-02-21,101.841
2007-02-22,101.764
2007-02-23,101.366
2007-02-26,101.276
2007-02-27,97.32
2007-02-28,98.3176
2007-03-01,98.0246
2007-03-02,96.741
2007-03-05,95.8201
2007-03-06,97.4595
2007-03-07,97.3619
2007-03-08,98.1851
2007-03-09,98.213
2007-03-12,98.3595
2007-03-13,96.448
2007-03-14,97.1665
2007-03-15,97.2991
2007-03-16,97.0266
2007-03-19,98.1963
2007-03-20,98.7356
2007-03-21,100.361
2007-03-22,100.284
2007-03-23,100.431
2007-03-26,100.297
2007-03-27,100.059
2007-03-28,99.331
2007-03-29,99.4361
2007-03-30,99.457
2007-04-02,99.5691
2007-04-03,100.641
2007-04-04,100.753
2007-04-05,101.026
2007-04-09,101.166
2007-04-10,101.285
2007-04-11,100.872
2007-04-12,101.32
2007-04-13,101.782
2007-04-16,102.749
2007-04-17,103.022
2007-04-18,103.148
2007-04-19,103.12
2007-04-20,104.094
2007-04-23,103.701
2007-04-24,103.743
2007-04-25,104.696
2007-04-26,104.815
2007-04-27,104.731
2007-04-30,103.863
2007-05-01,104.129
2007-05-02,104.738
2007-05-03,105.305
2007-05-04,105.705
2007-05-07,105.726
2007-05-08,105.586
2007-05-09,105.873
2007-05-10,104.766
2007-05-11,105.663
2007-05-14,105.431
2007-05-15,105.46
2007-05-16,106.181
2007-05-17,105.971
2007-05-18,106.895
2007-05-21,106.839
2007-05-22,106.755
2007-05-23,106.769
2007-05-24,105.803
2007-05-25,106.244
2007-05-29,106.629
2007-05-30,107.498
2007-05-31,107.386
2007-06-01,107.918
2007-06-04,107.932
2007-06-05,107.505
2007-06-06,106.349
2007-06-07,104.43
2007-06-08,105.789
2007-06-11,105.971
2007-06-12,104.815
2007-06-13,106.384
2007-06-14,107.063
2007-06-15,107.673
2007-06-18,107.546
2007-06-19,107.813
2007-06-20,106.315
2007-06-21,106.906
2007-06-22,105.9
2007-06-25,105.393
2007-06-26,104.31
2007-06-27,105.794
2007-06-28,105.78
2007-06-29,105.816
2007-07-02,106.772
2007-07-03,107.159
2007-07-05,107.046
2007-07-06,107.609
2007-07-09,107.694
2007-07-10,106.16
2007-07-11,106.913
2007-07-12,108.601
2007-07-13,108.925
2007-07-16,108.911
2007-07-17,108.854
2007-07-18,108.657
2007-07-19,109.079
2007-07-20,107.975
2007-07-23,108.306
2007-07-24,106.427
2007-07-25,106.646
2007-07-26,104.12
2007-07-27,102.073
2007-07-30,103.67
2007-07-31,102.502
2007-08-01,103.002
2007-08-02,103.825
2007-08-03,101.152
2007-08-06,102.847
2007-08-07,103.944
2007-08-08,105.393
2007-08-09,102.27
2007-08-10,101.792
2007-08-13,102.158
2007-08-14,100.596
2007-08-15,99.2104
2007-08-16,99.956
2007-08-17,101.792
2007-08-20,101.743
2007-08-21,101.947
2007-08-22,103.157
2007-08-23,103.065
2007-08-24,104.338
2007-08-27,103.368
2007-08-28,101.096
2007-08-29,103.079
2007-08-30,102.805
2007-08-31,103.818
2007-09-04,104.866
2007-09-05,103.958
2007-09-06,104.198
2007-09-07,102.749
2007-09-10,102.552
2007-09-11,103.747
2007-09-12,104.015
2007-09-13,104.746
2007-09-14,104.739
2007-09-17,104.177
2007-09-18,107.243
2007-09-19,107.877
2007-09-20,107.117
2007-09-21,107.406
2007-09-24,107.208
2007-09-25,106.996
2007-09-26,107.561
2007-09-27,108.197
2007-09-28,107.837
2007-10-01,109.053
2007-10-02,108.904
2007-10-03,108.685
2007-10-04,108.855
2007-10-05,110.148
2007-10-08,109.562
2007-10-09,110.593
2007-10-10,110.41
2007-10-11,109.88
2007-10-12,110.487
2007-10-15,109.554
2007-10-16,108.685
2007-10-17,109.017
2007-10-18,108.622
2007-10-19,105.78
2007-10-22,106.395
2007-10-23,107.257
2007-10-24,107.06
2007-10-25,107.314
2007-10-26,108.572
2007-10-29,108.933
2007-10-30,108.176
2007-10-31,109.3
2007-11-01,106.742
2007-11-02,106.862
2007-11-05,106.049
2007-11-06,107.477
2007-11-07,104.536
2007-11-08,104.006
2007-11-09,102.579
2007-11-12,101.561
2007-11-13,104.657
2007-11-14,104.367
2007-11-15,102.861
2007-11-16,103.038
2007-11-19,101.603
2007-11-20,102.225
2007-11-21,100.133
2007-11-23,101.865
2007-11-26,99.6174
2007-11-27,100.762
2007-11-28,103.985
2007-11-29,104.021
2007-11-30,105.067
2007-12-03,104.374
2007-12-04,103.441
2007-12-05,105.173
2007-12-06,106.678
2007-12-07,106.657
2007-12-10,107.484
2007-12-11,104.536
2007-12-12,105.568
2007-12-13,105.349
2007-12-14,104.013
2007-12-17,102.529
2007-12-18,103.102
2007-12-19,103.102
2007-12-20,103.752
2007-12-21,105.248
2007-12-24,106.029
2007-12-26,106.257
2007-12-27,104.921
2007-12-28,104.658
2007-12-31,103.883
2008-01-02,102.974
2008-01-03,102.924
2008-01-04,100.402
2008-01-07,100.317
2008-01-08,98.6967
2008-01-09,99.734
2008-01-10,100.388
2008-01-11,99.5777
2008-01-14,100.381
2008-01-15,98.1709
2008-01-16,97.3254
2008-01-17,94.8031
2008-01-18,93.8297
2008-01-22,92.8777
2008-01-23,95.1086
2008-01-24,95.9115
2008-01-25,94.526
2008-01-28,96.0892
2008-01-29,96.5652
2008-01-30,95.8547
2008-01-31,97.6025
2008-02-01,99.1728
2008-02-04,97.9223
2008-02-05,95.3005
2008-02-06,94.5331
2008-02-07,95.1584
2008-02-08,94.5474
2008-02-11,95.0305
2008-02-12,95.9115
2008-02-13,96.892
2008-02-14,96.0394
2008-02-15,96.0181
2008-02-19,96.2881
2008-02-20,96.5723
2008-02-21,95.7694
2008-02-22,96.3591
2008-02-25,97.5741
2008-02-26,98.3059
2008-02-27,98.2064
2008-02-28,97.2473
2008-02-29,95.0802
2008-03-03,94.8528
2008-03-04,94.4905
2008-03-05,95.0873
2008-03-06,93.1192
2008-03-07,92.16
2008-03-10,90.9451
2008-03-11,94.2134
2008-03-12,93.3324
2008-03-13,93.5385
2008-03-14,92.089
2008-03-17,91.1582
2008-03-18,94.9452
2008-03-19,92.5934
2008-03-20,94.3085
2008-03-24,96.1936
2008-03-25,96.2864
2008-03-26,95.1083
2008-03-27,94.8084
2008-03-28,93.9015
2008-03-31,94.23
2008-04-01,97.5431
2008-04-02,97.6073
2008-04-03,97.8501
2008-04-04,97.743
2008-04-07,97.793
2008-04-08,97.693
2008-04-09,96.9861
2008-04-10,97.1218
2008-04-11,95.2368
2008-04-14,94.9154
2008-04-15,95.1368
2008-04-16,97.7144
2008-04-17,97.8573
2008-04-18,98.8783
2008-04-21,98.9283
2008-04-22,98.4928
2008-04-23,98.3357
2008-04-24,98.7641
2008-04-25,99.678
2008-04-28,99.6995
2008-04-29,99.3067
2008-04-30,98.7212
2008-05-01,100.763
2008-05-02,101.042
2008-05-05,100.556
2008-05-06,101.427
2008-05-07,99.6209
2008-05-08,99.3638
2008-05-09,99.1782
2008-05-12,100.292
2008-05-13,100.306
2008-05-14,100.513
2008-05-15,101.77
2008-05-16,101.863
2008-05-19,102.141
2008-05-20,101.313
2008-05-21,99.5995
2008-05-22,99.6137
2008-05-23,98.2785
2008-05-27,99.0068
2008-05-28,99.4638
2008-05-29,99.9636
2008-05-30,100.214
2008-06-02,99.1782
2008-06-03,98.5998
2008-06-04,98.5499
2008-06-05,100.521
2008-06-06,97.3146
2008-06-09,97.5502
2008-06-10,97.0646
2008-06-11,95.6366
2008-06-12,96.0008
2008-06-13,97.2146
2008-06-16,97.2717
2008-06-17,96.8005
2008-06-18,95.858
2008-06-19,95.9793
2008-06-20,94.4214
2008-06-23,94.3282
2008-06-24,94.1416
2008-06-25,94.5865
2008-06-26,92.0175
2008-06-27,91.5152
2008-06-30,91.8381
2008-07-01,92.1251
2008-07-02,90.5464
2008-07-03,90.6397
2008-07-07,89.714
2008-07-08,91.3071
2008-07-09,89.5489
2008-07-10,89.9149
2008-07-11,88.8673
2008-07-14,88.0635
2008-07-15,86.8221
2008-07-16,88.9534
2008-07-17,89.8432
2008-07-18,90.4029
2008-07-21,90.4532
2008-07-22,91.4793
2008-07-23,91.9744
2008-07-24,90.0656
2008-07-25,90.0441
2008-07-28,88.7237
2008-07-29,90.6182
2008-07-30,92.2328
2008-07-31,91.0129
2008-08-01,90.5321
2008-08-04,89.6925
2008-08-05,92.1108
2008-08-06,92.5198
2008-08-07,91.142
2008-08-08,92.8356
2008-08-11,93.7972
2008-08-12,92.8212
2008-08-13,92.2615
2008-08-14,92.9576
2008-08-15,93.4096
2008-08-18,92.1323
2008-08-19,91.1277
2008-08-20,91.5511
2008-08-21,91.7089
2008-08-22,93.0365
2008-08-25,91.1492
2008-08-26,91.4147
2008-08-27,92.3045
2008-08-28,93.424
2008-08-29,92.4193
2008-09-02,91.8453
2008-09-03,91.7663
2008-09-04,89.0036
2008-09-05,89.2835
2008-09-08,91.1277
2008-09-09,88.4223
2008-09-10,88.7811
2008-09-11,90.0656
2008-09-12,90.4818
2008-09-15,86.1763
2008-09-16,87.6186
2008-09-17,83.679
2008-09-18,86.1619
2008-09-19,89.5837
2008-09-22,87.5556
2008-09-23,85.5636
2008-09-24,85.8378
2008-09-25,87.1803
2008-09-26,87.2236
2008-09-29,80.3886
2008-09-30,83.7159
2008-10-01,83.7664
2008-10-02,80.7279
2008-10-03,79.638
2008-10-06,75.5818
2008-10-07,72.1968
2008-10-08,70.378
2008-10-09,65.4628
2008-10-10,63.8749
2008-10-13,73.1495
2008-10-14,72.0668
2008-10-15,64.972
2008-10-16,67.6786
2008-10-17,67.2744
2008-10-20,71.3162
2008-10-21,69.1871
2008-10-22,65.4195
2008-10-23,66.1773
2008-10-24,62.8212
2008-10-27,60.591
2008-10-28,67.6714
2008-10-29,67.1806
2008-10-30,69.5046
2008-10-31,69.8872
2008-11-03,70.0892
2008-11-04,72.471
2008-11-05,69.4252
2008-11-06,65.5783
2008-11-07,67.7435
2008-11-10,66.8558
2008-11-11,64.7916
2008-11-12,61.9406
2008-11-13,65.802
2008-11-14,62.5181
2008-11-17,61.688
2008-11-18,62.8501
2008-11-19,58.8227
2008-11-20,54.4561
2008-11-21,57.3936
2008-11-24,61.3705
2008-11-25,61.8252
2008-11-26,64.2142
2008-11-28,65.0225
2008-12-01,59.263
2008-12-02,61.5437
2008-12-03,63.0233
2008-12-04,61.5653
2008-12-05,63.4636
2008-12-08,65.6794
2008-12-09,64.5967
2008-12-10,65.037
2008-12-11,63.4708
2008-12-12,64.2286
2008-12-15,63.3337
2008-12-16,66.3145
2008-12-17,65.6721
2008-12-18,64.4451
2008-12-19,64.1679
2008-12-22,63.3457
2008-12-23,62.6909
2008-12-24,63.0547
2008-12-26,63.4185
2008-12-29,63.2366
2008-12-30,64.7355
2008-12-31,65.6595
2009-01-02,67.6387
2009-01-05,67.5586
2009-01-06,68.0097
2009-01-07,65.9724
2009-01-08,66.2416
2009-01-09,64.8227
2009-01-12,63.2657
2009-01-13,63.3821
2009-01-14,61.3884
2009-01-15,61.4103
2009-01-16,61.8905
2009-01-20,58.6235
2009-01-21,61.1556
2009-01-22,60.2097
2009-01-23,60.4717
2009-01-26,60.8864
2009-01-27,61.5049
2009-01-28,63.5859
2009-01-29,61.5194
2009-01-30,60.2679
2009-02-02,60.086
2009-02-03,60.9301
2009-02-04,60.6317
2009-02-05,61.534
2009-02-06,63.2875
2009-02-09,63.3748
2009-02-10,60.4717
2009-02-11,60.8282
2009-02-12,60.8718
2009-02-13,60.217
2009-02-17,57.6413
2009-02-18,57.503
2009-02-19,56.8845
2009-02-20,56.3316
2009-02-23,54.3161
2009-02-24,56.3752
2009-02-25,55.9314
2009-02-26,55.0219
2009-02-27,53.7922
2009-03-02,51.3693
2009-03-03,50.9836
2009-03-04,52.1915
2009-03-05,50.0596
2009-03-06,50.1469
2009-03-09,49.5575
2009-03-10,52.5116
2009-03-11,52.8536
2009-03-12,54.9345
2009-03-13,55.3638
2009-03-16,55.1965
2009-03-17,56.8845
2009-03-18,58.1578
2009-03-19,57.4375
2009-03-20,56.2145
2009-03-23,60.2523
2009-03-24,59.0651
2009-03-25,59.688
2009-03-26,60.9045
2009-03-27,59.8053
2009-03-30,57.7387
2009-03-31,58.2737
2009-04-01,59.4022
2009-04-02,61.139
2009-04-03,61.7472
2009-04-06,61.2635
2009-04-07,59.8346
2009-04-08,60.4795
2009-04-09,62.8831
2009-04-13,62.8978
2009-04-14,61.8132
2009-04-15,62.4727
2009-04-16,63.3887
2009-04-17,63.8138
2009-04-20,61.139
2009-04-21,62.3335
2009-04-22,61.9524
2009-04-23,62.5607
2009-04-24,63.506
2009-04-27,62.9051
2009-04-28,62.7072
2009-04-29,64.041
2009-04-30,64.0629
2009-05-01,64.4074
2009-05-04,66.5985
2009-05-05,66.3713
2009-05-06,67.5218
2009-05-07,66.5838
2009-05-08,68.1374
2009-05-11,66.8623
2009-05-12,66.6644
2009-05-13,64.9863
2009-05-14,65.5432
2009-05-15,65.0083
2009-05-18,66.855
2009-05-19,66.7744
2009-05-20,66.3273
2009-05-21,65.3747
2009-05-22,65.2354
2009-05-26,66.9063
2009-05-27,65.7118
2009-05-28,66.6278
2009-05-29,67.8076
2009-06-01,69.4491
2009-06-02,69.5078
2009-06-03,68.6284
2009-06-04,69.2732
2009-06-05,69.2879
2009-06-08,69.0021
2009-06-09,69.3539
2009-06-10,69.178
2009-06-11,69.4858
2009-06-12,69.6763
2009-06-15,68.0788
2009-06-16,67.1554
2009-06-17,67.0895
2009-06-18,67.5805
2009-06-19,67.8296
2009-06-22,65.7955
2009-06-23,65.8471
2009-06-24,66.4146
2009-06-25,67.859
2009-06-26,67.6821
2009-06-29,68.3159
2009-06-30,67.7632
2009-07-01,68.0433
2009-07-02,66.1861
2009-07-06,66.1788
2009-07-07,64.8965
2009-07-08,64.8523
2009-07-09,64.9776
2009-07-10,64.8227
2009-07-13,66.3999
2009-07-14,66.7757
2009-07-15,68.7287
2009-07-16,68.6181
2009-07-17,69.3698
2009-07-20,70.1068
2009-07-21,70.431
2009-07-22,70.4163
2009-07-23,71.9712
2009-07-24,72.2661
2009-07-27,72.4797
2009-07-28,72.1407
2009-07-29,71.9639
2009-07-30,72.7156
2009-07-31,72.8188
2009-08-03,74.02
2009-08-04,74.2116
2009-08-05,73.9979
2009-08-06,73.6147
2009-08-07,74.58
2009-08-10,74.4253
2009-08-11,73.4968
2009-08-12,74.2853
2009-08-13,74.8527
2009-08-14,74.2779
2009-08-17,72.4503
2009-08-18,73.0251
2009-08-19,73.6662
2009-08-20,74.4253
2009-08-21,75.8845
2009-08-24,75.8771
2009-08-25,76.0245
2009-08-26,76.0319
2009-08-27,76.2014
2009-08-28,76.1866
2009-08-31,75.5087
2009-09-01,73.8431
2009-09-02,73.5631
2009-09-03,74.1748
2009-09-04,75.2139
2009-09-08,75.8624
2009-09-09,76.4446
2009-09-10,77.2258
2009-09-11,77.211
2009-09-14,77.5869
2009-09-15,77.9111
2009-09-16,79.0903
2009-09-17,78.9724
2009-09-18,79.0227
2009-09-21,78.8228
2009-09-22,79.2819
2009-09-23,78.6228
2009-09-24,77.7565
2009-09-25,77.3419
2009-09-28,78.7265
2009-09-29,78.4895
2009-09-30,78.186
2009-10-01,76.2459
2009-10-02,75.8905
2009-10-05,77.0234
2009-10-06,78.1267
2009-10-07,78.3415
2009-10-08,78.9412
2009-10-09,79.4226
2009-10-12,79.7336
2009-10-13,79.5707
2009-10-14,80.9405
2009-10-15,81.2367
2009-10-16,80.6295
2009-10-19,81.2959
2009-10-20,80.8664
2009-10-21,80.1408
2009-10-22,80.9553
2009-10-23,80.0297
2009-10-26,79.1634
2009-10-27,78.8005
2009-10-28,77.3122
2009-10-29,78.9709
2009-10-30,76.6828
2009-11-02,77.2456
2009-11-03,77.4899
2009-11-04,77.6899
2009-11-05,79.119
2009-11-06,79.3263
2009-11-09,81.133
2009-11-10,81.1478
2009-11-11,81.5625
2009-11-12,80.7332
2009-11-13,81.17
2009-11-16,82.3474
2009-11-17,82.4437
2009-11-18,82.3918
2009-11-19,81.3181
2009-11-20,81.0294
2009-11-23,82.0586
2009-11-24,82.1845
2009-11-25,82.4733
2009-11-27,81.133
2009-11-30,81.407
2009-12-01,82.414
2009-12-02,82.377
2009-12-03,81.7328
2009-12-04,82.1993
2009-12-07,82.0734
2009-12-08,81.1626
2009-12-09,81.4662
2009-12-10,81.9253
2009-12-11,82.2733
2009-12-14,82.8361
2009-12-15,82.451
2009-12-16,82.5769
2009-12-17,81.5847
2009-12-18,82.0463
2009-12-21,82.8801
2009-12-22,83.1778
2009-12-23,83.3416
2009-12-24,83.7362
2009-12-28,83.9149
2009-12-29,83.7957
2009-12-30,83.766
2009-12-31,82.962
2010-01-04,84.369
2010-01-05,84.5923
2010-01-06,84.6519
2010-01-07,85.0092
2010-01-08,85.2921
2010-01-11,85.4112
2010-01-12,84.6146
2010-01-13,85.3293
2010-01-14,85.5601
2010-01-15,84.5998
2010-01-19,85.6569
2010-01-20,84.7859
2010-01-21,83.1555
2010-01-22,81.3018
2010-01-25,81.7187
2010-01-26,81.3763
2010-01-27,81.7634
2010-01-28,80.8254
2010-01-29,79.9469
2010-02-01,81.1901
2010-02-02,82.1728
2010-02-03,81.7634
2010-02-04,79.2397
2010-02-05,79.4035
2010-02-08,78.8303
2010-02-09,79.8204
2010-02-10,79.664
2010-02-11,80.4978
2010-02-12,80.4308
2010-02-16,81.6964
2010-02-17,82.0835
2010-02-18,82.5674
2010-02-19,82.7386
2010-02-22,82.7535
2010-02-23,81.7485
2010-02-24,82.5004
2010-02-25,82.3887
2010-02-26,82.4408
2010-03-01,83.2969
2010-03-02,83.5277
2010-03-03,83.6022
2010-03-04,83.8553
2010-03-05,85.0539
2010-03-08,85.0688
2010-03-09,85.2102
2010-03-10,85.5899
2010-03-11,85.9472
2010-03-12,85.9547
2010-03-15,85.977
2010-03-16,86.6619
2010-03-17,87.1756
2010-03-18,87.1309
2010-03-19,86.6899
2010-03-22,87.1533
2010-03-23,87.7663
2010-03-24,87.3402
2010-03-25,87.1982
2010-03-26,87.1459
2010-03-29,87.699
2010-03-30,87.7588
2010-03-31,87.4598
2010-04-01,88.0578
2010-04-05,88.7754
2010-04-06,88.9848
2010-04-07,88.4764
2010-04-08,88.7829
2010-04-09,89.366
2010-04-12,89.508
2010-04-13,89.5753
2010-04-14,90.5919
2010-04-15,90.6667
2010-04-16,89.2239
2010-04-19,89.5603
2010-04-20,90.3602
2010-04-21,90.1957
2010-04-22,90.4648
2010-04-23,91.0554
2010-04-26,90.7115
2010-04-27,88.5661
2010-04-28,89.2389
2010-04-29,90.3452
2010-04-30,88.8128
2010-05-03,89.964
2010-05-04,87.8485
2010-05-05,87.3253
2010-05-06,84.4249
2010-05-07,83.169
2010-05-10,86.8319
2010-05-11,86.5852
2010-05-12,87.7962
2010-05-13,86.7048
2010-05-14,85.135
2010-05-17,85.1799
2010-05-18,84.0212
2010-05-19,83.5428
2010-05-20,80.3883
2010-05-21,81.5619
2010-05-24,80.5154
2010-05-25,80.5975
2010-05-26,80.1117
2010-05-27,82.7953
2010-05-28,81.7562
2010-06-01,80.3808
2010-06-02,82.4738
2010-06-03,82.7579
2010-06-04,79.85
2010-06-07,78.8559
2010-06-08,79.7006
2010-06-09,79.2745
2010-06-10,81.5918
2010-06-11,81.988
2010-06-14,81.8609
2010-06-15,83.7222
2010-06-16,83.6923
2010-06-17,83.8268
2010-06-18,83.9177
2010-06-21,83.6774
2010-06-22,82.2954
2010-06-23,82.04
2010-06-24,80.6806
2010-06-25,81.0186
2010-06-28,80.7632
2010-06-29,78.2697
2010-06-30,77.5261
2010-07-01,77.1806
2010-07-02,76.76
2010-07-06,77.2632
2010-07-07,79.6967
2010-07-08,80.4853
2010-07-09,81.0862
2010-07-12,81.1388
2010-07-13,82.363
2010-07-14,82.3555
2010-07-15,82.378
2010-07-16,80.1098
2010-07-19,80.583
2010-07-20,81.4767
2010-07-21,80.4178
2010-07-22,82.2128
2010-07-23,82.9263
2010-07-26,83.79
2010-07-27,83.7826
2010-07-28,83.2418
2010-07-29,82.8362
2010-07-30,82.8212
2010-08-02,84.6914
2010-08-03,84.2858
2010-08-04,84.8491
2010-08-05,84.759
2010-08-06,84.4134
2010-08-09,84.8641
2010-08-10,84.4059
2010-08-11,82.0926
2010-08-12,81.5894
2010-08-13,81.3491
2010-08-16,81.3115
2010-08-17,82.3104
2010-08-18,82.4606
2010-08-19,81.0261
2010-08-20,80.7632
2010-08-23,80.4553
2010-08-24,79.2611
2010-08-25,79.569
2010-08-26,79.0357
2010-08-27,80.26
2010-08-30,79.0958
2010-08-31,79.0958
2010-09-01,81.4617
2010-09-02,82.2203
2010-09-03,83.2869
2010-09-07,82.348
2010-09-08,82.9263
2010-09-09,83.3094
2010-09-10,83.73
2010-09-13,84.6613
2010-09-14,84.6087
2010-09-15,84.9317
2010-09-16,84.9092
2010-09-17,84.9409
2010-09-20,86.2397
2010-09-21,86.066
2010-09-22,85.6431
2010-09-23,84.9484
2010-09-24,86.7002
2010-09-27,86.285
2010-09-28,86.587
2010-09-29,86.436
2010-09-30,86.1792
2010-10-01,86.5417
2010-10-04,85.8923
2010-10-05,87.6215
2010-10-06,87.6139
2010-10-07,87.5082
2010-10-08,87.999
2010-10-11,88.0821
2010-10-12,88.3539
2010-10-13,89.0411
2010-10-14,88.6937
2010-10-15,88.8749
2010-10-18,89.3129
2010-10-19,88.1425
2010-10-20,89.0033
2010-10-21,89.1996
2010-10-22,89.3658
2010-10-25,89.63
2010-10-26,89.6451
2010-10-27,89.3884
2010-10-28,89.4035
2010-10-29,89.4715
2010-11-01,89.5017
2010-11-02,90.2115
2010-11-03,90.5739
2010-11-04,92.3182
2010-11-05,92.6655
2010-11-08,92.4919
2010-11-09,91.8273
2010-11-10,92.1973
2010-11-11,91.85
2010-11-12,90.7627
2010-11-15,90.6343
2010-11-16,89.2223
2010-11-17,89.2676
2010-11-18,90.5814
2010-11-19,90.8307
2010-11-22,90.7551
2010-11-23,89.4413
2010-11-24,90.7627
2010-11-26,89.7055
2010-11-29,89.9774
2010-11-30,89.4715
2010-12-01,91.3743
2010-12-02,92.5447
2010-12-03,92.7939
2010-12-06,92.6957
2010-12-07,92.7486
2010-12-08,93.0884
2010-12-09,93.4508
2010-12-10,93.9945
2010-12-13,94.0549
2010-12-14,94.1379
2010-12-15,93.7075
2010-12-16,94.2512
2010-12-17,94.3522
2010-12-20,94.5799
2010-12-21,95.1796
2010-12-22,95.4756
2010-12-23,95.339
2010-12-27,95.3769
2010-12-28,95.5136
2010-12-29,95.5819
2010-12-30,95.4301
2010-12-31,95.4528
2011-01-03,96.4396
2011-01-04,96.3865
2011-01-05,96.8875
2011-01-06,96.6977
2011-01-07,96.5079
2011-01-10,96.3865
2011-01-11,96.7281
2011-01-12,97.601
2011-01-13,97.4416
2011-01-14,98.1475
2011-01-18,98.3145
2011-01-19,97.3505
2011-01-20,97.2215
2011-01-21,97.4416
2011-01-24,97.9957
2011-01-25,98.0488
2011-01-26,98.4284
2011-01-27,98.6713
2011-01-28,96.9482
2011-01-31,97.6769
2011-02-01,99.2406
2011-02-02,99.0508
2011-02-03,99.2709
2011-02-04,99.5518
2011-02-07,100.174
2011-02-08,100.63
2011-02-09,100.402
2011-02-10,100.44
2011-02-11,101.04
2011-02-14,101.282
2011-02-15,100.964
2011-02-16,101.601
2011-02-17,101.905
2011-02-18,102.117
2011-02-22,100.068
2011-02-23,99.4531
2011-02-24,99.3848
2011-02-25,100.448
2011-02-28,101.07
2011-03-01,99.3848
2011-03-02,99.5974
2011-03-03,101.313
2011-03-04,100.554
2011-03-07,99.7643
2011-03-08,100.637
2011-03-09,100.493
2011-03-10,98.6333
2011-03-11,99.3165
2011-03-14,98.7168
2011-03-15,97.5858
2011-03-16,95.7792
2011-03-17,97.0469
2011-03-18,97.3999
2011-03-21,98.9094
2011-03-22,98.5663
2011-03-23,98.8484
2011-03-24,99.7937
2011-03-25,100.099
2011-03-28,99.8547
2011-03-29,100.526
2011-03-30,101.219
2011-03-31,101.082
2011-04-01,101.509
2011-04-04,101.593
2011-04-05,101.578
2011-04-06,101.898
2011-04-07,101.639
2011-04-08,101.288
2011-04-11,100.983
2011-04-12,100.228
2011-04-13,100.221
2011-04-14,100.297
2011-04-15,100.663
2011-04-18,99.5345
2011-04-19,100.106
2011-04-20,101.471
2011-04-21,101.989
2011-04-25,101.883
2011-04-26,102.759
2011-04-27,103.43
2011-04-28,103.766
2011-04-29,104.01
2011-05-02,103.849
2011-05-03,103.476
2011-05-04,102.79
2011-05-05,101.86
2011-05-06,102.309
2011-05-09,102.706
2011-05-10,103.583
2011-05-11,102.492
2011-05-12,102.98
2011-05-13,102.188
2011-05-16,101.54
2011-05-17,101.524
2011-05-18,102.431
2011-05-19,102.675
2011-05-20,101.86
2011-05-23,100.678
2011-05-24,100.594
2011-05-25,100.93
2011-05-26,101.395
2011-05-27,101.783
2011-05-31,102.843
2011-06-01,100.533
2011-06-02,100.426
2011-06-03,99.4277
2011-06-06,98.3757
2011-06-07,98.3147
2011-06-08,97.903
2011-06-09,98.6501
2011-06-10,97.2779
2011-06-13,97.3541
2011-06-14,98.5891
2011-06-15,96.8357
2011-06-16,97.0492
2011-06-17,97.3388
2011-06-20,97.8368
2011-06-21,99.1775
2011-06-22,98.5799
2011-06-23,98.2964
2011-06-24,97.1549
2011-06-27,98.0207
2011-06-28,99.3001
2011-06-29,100.15
2011-06-30,101.108
2011-07-01,102.602
2011-07-05,102.518
2011-07-06,102.64
2011-07-07,103.705
2011-07-08,102.97
2011-07-11,101.108
2011-07-12,100.671
2011-07-13,101.009
2011-07-14,100.311
2011-07-15,100.894
2011-07-18,100.066
2011-07-19,101.69
2011-07-20,101.629
2011-07-21,103.039
2011-07-22,103.108
2011-07-25,102.533
2011-07-26,102.15
2011-07-27,100.059
2011-07-28,99.7674
2011-07-29,99.0856
2011-08-01,98.6642
2011-08-02,96.1436
2011-08-03,96.6645
2011-08-04,92.1366
2011-08-05,91.9987
2011-08-08,86.0075
2011-08-09,90.0067
2011-08-10,86.0305
2011-08-11,89.8919
2011-08-12,90.4971
2011-08-15,92.4125
2011-08-16,91.6233
2011-08-17,91.6846
2011-08-18,87.7313
2011-08-19,86.2986
2011-08-22,86.3676
2011-08-23,89.21
2011-08-24,90.4664
2011-08-25,89.0874
2011-08-26,90.3822
2011-08-29,92.9794
2011-08-30,93.2246
2011-08-31,93.6383
2011-09-01,92.6576
2011-09-02,90.2903
2011-09-06,89.6314
2011-09-07,92.1596
2011-09-08,91.202
2011-09-09,88.8116
2011-09-12,89.3862
2011-09-13,90.206
2011-09-14,91.4548
2011-09-15,93.033
2011-09-16,93.5837
2011-09-19,92.6518
2011-09-20,92.544
2011-09-21,89.8178
2011-09-22,86.9145
2011-09-23,87.4382
2011-09-26,89.5175
2011-09-27,90.5186
2011-09-28,88.6703
2011-09-29,89.3712
2011-09-30,87.1378
2011-10-03,84.6581
2011-10-04,86.514
2011-10-05,88.1159
2011-10-06,89.71
2011-10-07,89.1093
2011-10-10,92.0897
2011-10-11,92.1821
2011-10-12,92.9907
2011-10-13,92.8059
2011-10-14,94.3923
2011-10-17,92.5902
2011-10-18,94.4
2011-10-19,93.2833
2011-10-20,93.6915
2011-10-21,95.4704
2011-10-24,96.641
2011-10-25,94.7619
2011-10-26,95.7246
2011-10-27,99.0591
2011-10-28,99.036
2011-10-31,96.6487
2011-11-01,93.9533
2011-11-02,95.4858
2011-11-03,97.2263
2011-11-04,96.6333
2011-11-07,97.234
2011-11-08,98.4816
2011-11-09,94.8466
2011-11-10,95.74
2011-11-11,97.542
2011-11-14,96.6179
2011-11-15,97.0954
2011-11-16,95.5552
2011-11-17,94.038
2011-11-18,93.9379
2011-11-21,92.1513
2011-11-22,91.7893
2011-11-23,89.7639
2011-11-25,89.5945
2011-11-28,92.1897
2011-11-29,92.4516
2011-11-30,96.2559
2011-12-01,96.2405
2011-12-02,96.1558
2011-12-05,97.2032
2011-12-06,97.234
2011-12-07,97.5959
2011-12-08,95.455
2011-12-09,97.0723
2011-12-12,95.6553
2011-12-13,94.7619
2011-12-14,93.7531
2011-12-15,94.0919
2011-12-16,94.2314
2011-12-19,93.2239
2011-12-20,96.0449
2011-12-21,96.2309
2011-12-22,97.0834
2011-12-23,97.9514
2011-12-27,98.0289
2011-12-28,96.7424
2011-12-29,97.7422
2011-12-30,97.2617
2012-01-03,98.8116
2012-01-04,98.9666
2012-01-05,99.2301
2012-01-06,98.9744
2012-01-09,99.2146
2012-01-10,100.075
2012-01-11,100.129
2012-01-12,100.369
2012-01-13,99.8501
2012-01-17,100.238
2012-01-18,101.346
2012-01-19,101.881
2012-01-20,102.26
2012-01-23,101.997
2012-01-24,101.881
2012-01-25,102.733
2012-01-26,102.206
2012-01-27,102.16
2012-01-30,101.811
2012-01-31,101.772
2012-02-01,102.663
2012-02-02,102.826
2012-02-03,104.268
2012-02-06,104.198
2012-02-07,104.461
2012-02-08,104.771
2012-02-09,104.903
2012-02-10,104.128
2012-02-13,104.903
2012-02-14,104.771
2012-02-15,104.283
2012-02-16,105.438
2012-02-17,105.717
2012-02-21,105.763
2012-02-22,105.422
2012-02-23,105.887
2012-02-24,106.12
2012-02-27,106.298
2012-02-28,106.608
2012-02-29,106.19
2012-03-01,106.74
2012-03-02,106.414
2012-03-05,105.98
2012-03-06,104.43
2012-03-07,105.159
2012-03-08,106.205
2012-03-09,106.616
2012-03-12,106.624
2012-03-13,108.546
2012-03-14,108.429
2012-03-15,109.057
2012-03-16,109.208
2012-03-19,109.636
2012-03-20,109.317
2012-03-21,109.138
2012-03-22,108.352
2012-03-23,108.702
2012-03-26,110.228
2012-03-27,109.885
2012-03-28,109.34
2012-03-29,109.154
2012-03-30,109.605
2012-04-02,110.407
2012-04-03,109.955
2012-04-04,108.866
2012-04-05,108.811
2012-04-09,107.589
2012-04-10,105.783
2012-04-11,106.639
2012-04-12,108.033
2012-04-13,106.748
2012-04-16,106.678
2012-04-17,108.258
2012-04-18,107.893
2012-04-19,107.2
2012-04-20,107.379
2012-04-23,106.476
2012-04-24,106.881
2012-04-25,108.344
2012-04-26,109.099
2012-04-27,109.278
2012-04-30,108.873
2012-05-01,109.551
2012-05-02,109.224
2012-05-03,108.391
2012-05-04,106.639
2012-05-07,106.717
2012-05-08,106.289
2012-05-09,105.659
2012-05-10,105.877
2012-05-11,105.557
2012-05-14,104.39
2012-05-15,103.79
2012-05-16,103.394
2012-05-17,101.86
2012-05-18,100.988
2012-05-21,102.724
2012-05-22,102.903
2012-05-23,102.958
2012-05-24,103.16
2012-05-25,102.825
2012-05-29,104.071
2012-05-30,102.561
2012-05-31,102.335
2012-06-01,99.7585
2012-06-04,99.7117
2012-06-05,100.467
2012-06-06,102.724
2012-06-07,102.786
2012-06-08,103.604
2012-06-11,102.288
2012-06-12,103.464
2012-06-13,102.802
2012-06-14,103.892
2012-06-15,104.954
2012-06-18,105.158
2012-06-19,106.175
2012-06-20,106.003
2012-06-21,103.624
2012-06-22,104.422
2012-06-25,102.748
2012-06-26,103.264
2012-06-27,104.195
2012-06-28,103.898
2012-06-29,106.488
2012-07-02,106.809
2012-07-03,107.513
2012-07-05,107.028
2012-07-06,106.011
2012-07-09,105.877
2012-07-10,104.954
2012-07-11,104.97
2012-07-12,104.461
2012-07-13,106.214
2012-07-16,105.963
2012-07-17,106.691
2012-07-18,107.481
2012-07-19,107.763
2012-07-20,106.777
2012-07-23,105.697
2012-07-24,104.79
2012-07-25,104.813
2012-07-26,106.543
2012-07-27,108.506
2012-07-30,108.506
2012-07-31,107.747
2012-08-01,107.654
2012-08-02,106.91
2012-08-03,109.031
2012-08-06,109.242
2012-08-07,109.79
2012-08-08,109.923
2012-08-09,110.016
2012-08-10,110.196
2012-08-13,110.142
2012-08-14,110.157
2012-08-15,110.282
2012-08-16,111.096
2012-08-17,111.245
2012-08-20,111.253
2012-08-21,110.916
2012-08-22,110.963
2012-08-23,110.056
2012-08-24,110.721
2012-08-27,110.744
2012-08-28,110.635
2012-08-29,110.721
2012-08-30,109.923
2012-08-31,110.447
2012-09-04,110.345
2012-09-05,110.251
2012-09-06,112.489
2012-09-07,112.927
2012-09-10,112.285
2012-09-11,112.598
2012-09-12,112.974
2012-09-13,114.695
2012-09-14,115.204
2012-09-17,114.813
2012-09-18,114.719
2012-09-19,114.781
2012-09-20,114.789
2012-09-21,114.741
2012-09-24,114.568
2012-09-25,113.349
2012-09-26,112.712
2012-09-27,113.774
2012-09-28,113.247
2012-10-01,113.546
2012-10-02,113.664
2012-10-03,114.128
2012-10-04,114.946
2012-10-05,114.954
2012-10-08,114.56
2012-10-09,113.428
2012-10-10,112.704
2012-10-11,112.767
2012-10-12,112.397
2012-10-15,113.333
2012-10-16,114.482
2012-10-17,115.001
2012-10-18,114.702
2012-10-19,112.79
2012-10-22,112.806
2012-10-23,111.241
2012-10-24,110.926
2012-10-25,111.249
2012-10-26,111.186
2012-10-31,111.186
2012-11-01,112.35
2012-11-02,111.351
2012-11-05,111.579
2012-11-06,112.452
2012-11-07,109.904
2012-11-08,108.582
2012-11-09,108.677
2012-11-12,108.763
2012-11-13,108.386
2012-11-14,106.922
2012-11-15,106.742
2012-11-16,107.269
2012-11-19,109.44
2012-11-20,109.487
2012-11-21,109.691
2012-11-23,111.186
2012-11-26,110.95
2012-11-27,110.384
2012-11-28,111.272
2012-11-29,111.792
2012-11-30,111.815
2012-12-03,111.265
2012-12-04,111.107
2012-12-05,111.304
2012-12-06,111.681
2012-12-07,112.02
2012-12-10,112.067
2012-12-11,112.83
2012-12-12,112.885
2012-12-13,112.193
2012-12-14,111.776
2012-12-17,113.089
2012-12-18,114.348
2012-12-19,113.498
2012-12-20,114.151
2012-12-21,113.115
2012-12-24,112.767
2012-12-26,112.291
2012-12-27,112.141
2012-12-28,110.929
2012-12-31,112.814
2013-01-02,115.706
2013-01-03,115.444
2013-01-04,115.951
2013-01-07,115.634
2013-01-08,115.302
2013-01-09,115.595
2013-01-10,116.514
2013-01-11,116.506
2013-01-14,116.426
2013-01-15,116.506
2013-01-16,116.49
2013-01-17,117.242
2013-01-18,117.504
2013-01-22,118.138
2013-01-23,118.328
2013-01-24,118.359
2013-01-25,119.025
2013-01-28,118.882
2013-01-29,119.35
2013-01-30,118.882
2013-01-31,118.589
2013-02-01,119.809
2013-02-04,118.462
2013-02-05,119.659
2013-02-06,119.746
2013-02-07,119.587
2013-02-08,120.253
2013-02-11,120.229
2013-02-12,120.427
2013-02-13,120.53
2013-02-14,120.641
2013-02-15,120.498
2013-02-19,121.401
2013-02-20,119.888
2013-02-21,119.159
2013-02-22,120.324
2013-02-25,118.035
2013-02-26,118.843
2013-02-27,120.34
2013-02-28,120.102
2013-03-01,120.498
2013-03-04,121.14
2013-03-05,122.225
2013-03-06,122.392
2013-03-07,122.613
2013-03-08,123.136
2013-03-11,123.604
2013-03-12,123.326
2013-03-13,123.501
2013-03-14,124.158
2013-03-15,123.994
2013-03-18,123.31
2013-03-19,123.023
2013-03-20,123.883
2013-03-21,122.825
2013-03-22,123.811
2013-03-25,123.294
2013-03-26,124.281
2013-03-27,124.281
2013-03-28,124.663
2013-04-01,124.169
2013-04-02,124.782
2013-04-03,123.517
2013-04-04,124.018
2013-04-05,123.461
2013-04-08,124.297
2013-04-09,124.726
2013-04-10,126.254
2013-04-11,126.668
2013-04-12,126.357
2013-04-15,123.429
2013-04-16,125.251
2013-04-17,123.421
2013-04-18,122.649
2013-04-19,123.716
2013-04-22,124.265
2013-04-23,125.546
2013-04-24,125.625
2013-04-25,126.135
2013-04-26,125.912
2013-04-29,126.755
2013-04-30,127.058
2013-05-01,125.944
2013-05-02,127.113
2013-05-03,128.402
2013-05-06,128.729
2013-05-07,129.381
2013-05-08,129.97
2013-05-09,129.604
2013-05-10,130.026
2013-05-13,130.129
2013-05-14,131.474
2013-05-15,132.182
2013-05-16,131.561
2013-05-17,132.834
2013-05-20,132.827
2013-05-21,133.017
2013-05-22,132.031
2013-05-23,131.649
2013-05-24,131.537
2013-05-28,132.325
2013-05-29,131.466
2013-05-30,131.951
2013-05-31,130.057
2013-06-03,130.774
2013-06-04,130.145
2013-06-05,128.323
2013-06-06,129.485
2013-06-07,131.132
2013-06-10,131.132
2013-06-11,129.779
2013-06-12,128.705
2013-06-13,130.662
2013-06-14,129.843
2013-06-17,130.845
2013-06-18,131.88
2013-06-19,130.057
2013-06-20,126.835
2013-06-21,127.242
2013-06-24,125.634
2013-06-25,126.842
2013-06-26,128.098
2013-06-27,128.85
2013-06-28,128.322
2013-07-01,129.074
2013-07-02,128.954
2013-07-03,129.01
2013-07-05,130.402
2013-07-08,131.146
2013-07-09,132.09
2013-07-10,132.138
2013-07-11,133.937
2013-07-12,133.993
2013-07-15,134.505
2013-07-16,134.001
2013-07-17,134.345
2013-07-18,135.081
2013-07-19,135.321
2013-07-22,135.585
2013-07-23,135.297
2013-07-24,134.801
2013-07-25,135.129
2013-07-26,135.273
2013-07-29,134.857
2013-07-30,134.857
2013-07-31,134.953
2013-08-01,136.513
2013-08-02,136.745
2013-08-05,136.545
2013-08-06,135.769
2013-08-07,135.329
2013-08-08,135.825
2013-08-09,135.433
2013-08-12,135.273
2013-08-13,135.673
2013-08-14,134.977
2013-08-15,133.089
2013-08-16,132.649
2013-08-19,131.801
2013-08-20,132.449
2013-08-21,131.634
2013-08-22,132.833
2013-08-23,133.281
2013-08-26,132.785
2013-08-27,130.65
2013-08-28,131.114
2013-08-29,131.322
2013-08-30,130.906
2013-09-03,131.498
2013-09-04,132.585
2013-09-05,132.753
2013-09-06,132.817
2013-09-09,134.089
2013-09-10,135.081
2013-09-11,135.505
2013-09-12,135.145
2013-09-13,135.449
2013-09-16,136.233
2013-09-17,136.841
2013-09-18,138.425
2013-09-19,138.193
2013-09-20,137.227
2013-09-23,136.592
2013-09-24,136.27
2013-09-25,135.876
2013-09-26,136.399
2013-09-27,135.772
2013-09-30,135.048
2013-10-01,136.117
2013-10-02,135.989
2013-10-03,134.735
2013-10-04,135.756
2013-10-07,134.582
2013-10-08,133.015
2013-10-09,133.111
2013-10-10,135.981
2013-10-11,136.857
2013-10-14,137.404
2013-10-15,136.407
2013-10-16,138.312
2013-10-17,139.236
2013-10-18,140.177
2013-10-21,140.185
2013-10-22,140.997
2013-10-23,140.321
2013-10-24,140.788
2013-10-25,141.431
2013-10-28,141.656
2013-10-29,142.411
2013-10-30,141.704
2013-10-31,141.302
2013-11-01,141.64
2013-11-04,142.138
2013-11-05,141.688
2013-11-06,142.411
2013-11-07,140.611
2013-11-08,142.508
2013-11-11,142.532
2013-11-12,142.242
2013-11-13,143.384
2013-11-14,144.099
2013-11-15,144.726
2013-11-18,144.22
2013-11-19,143.906
2013-11-20,143.456
2013-11-21,144.614
2013-11-22,145.337
2013-11-25,145.192
2013-11-26,145.233
2013-11-27,145.586
2013-11-29,145.49
2013-12-02,145.112
2013-12-03,144.485
2013-12-04,144.469
2013-12-05,143.834
2013-12-06,145.442
2013-12-09,145.811
2013-12-10,145.289
2013-12-11,143.657
2013-12-12,143.183
2013-12-13,143.167
2013-12-16,144.059
2013-12-17,143.601
2013-12-18,146.053
2013-12-19,145.884
2013-12-20,146.732
2013-12-23,147.516
2013-12-24,147.839
2013-12-26,148.591
2013-12-27,148.583
2013-12-30,148.559
2013-12-31,149.262
2014-01-02,147.831
2014-01-03,147.807
2014-01-06,147.379
2014-01-07,148.284
2014-01-08,148.316
2014-01-09,148.413
2014-01-10,148.817
2014-01-13,146.837
2014-01-14,148.438
2014-01-15,149.238
2014-01-16,149.044
2014-01-17,148.413
2014-01-21,148.85
2014-01-22,148.947
2014-01-23,147.726
2014-01-24,144.574
2014-01-27,143.863
2014-01-28,144.72
2014-01-29,143.33
2014-01-30,144.849
2014-01-31,144.001
2014-02-03,140.76
2014-02-04,141.746
2014-02-05,141.568
2014-02-06,143.435
2014-02-07,145.213
2014-02-10,145.48
2014-02-11,147.072
2014-02-12,147.144
2014-02-13,147.904
2014-02-14,148.72
2014-02-18,148.898
2014-02-19,147.912
2014-02-20,148.785
2014-02-21,148.615
2014-02-24,149.44
2014-02-25,149.383
2014-02-26,149.391
2014-02-27,150.175
2014-02-28,150.555
2014-03-03,149.496
2014-03-04,151.597
2014-03-05,151.735
2014-03-06,152.082
2014-03-07,152.147
2014-03-10,152.066
2014-03-11,151.315
2014-03-12,151.355
2014-03-13,149.658
2014-03-14,149.238
2014-03-17,150.587
2014-03-18,151.662
2014-03-19,150.854
2014-03-20,151.735
2014-03-21,151.146
2014-03-24,150.521
2014-03-25,151.236
2014-03-26,150.148
2014-03-27,149.831
2014-03-28,150.57
2014-03-31,151.804
2014-04-01,152.81
2014-04-02,153.322
2014-04-03,153.119
2014-04-04,151.309
2014-04-07,149.636
2014-04-08,150.253
2014-04-09,151.869
2014-04-10,148.679
2014-04-11,147.339
2014-04-14,148.5
2014-04-15,149.523
2014-04-16,151.09
2014-04-17,151.301
2014-04-21,151.828
2014-04-22,152.518
2014-04-23,152.161
2014-04-24,152.469
2014-04-25,151.219
2014-04-28,151.698
2014-04-29,152.405
2014-04-30,152.859
2014-05-01,152.875
2014-05-02,152.656
2014-05-05,152.948
2014-05-06,151.617
2014-05-07,152.51
2014-05-08,152.348
2014-05-09,152.575
2014-05-12,154.061
2014-05-13,154.199
2014-05-14,153.468
2014-05-15,152.12
2014-05-16,152.648
2014-05-19,153.208
2014-05-20,152.242
2014-05-21,153.525
2014-05-22,153.898
2014-05-23,154.515
2014-05-27,155.465
2014-05-28,155.351
2014-05-29,156.155
2014-05-30,156.406
2014-06-02,156.585
2014-06-03,156.504
2014-06-04,156.82
2014-06-05,157.843
2014-06-06,158.598
2014-06-09,158.76
2014-06-10,158.777
2014-06-11,158.225
2014-06-12,157.105
2014-06-13,157.583
2014-06-16,157.713
2014-06-17,158.152
2014-06-18,159.312
2014-06-19,159.491
2014-06-20,159.815
2014-06-23,159.766
2014-06-24,158.803
2014-06-25,159.521
2014-06-26,159.407
2014-06-27,159.717
2014-06-30,159.635
2014-07-01,160.704
2014-07-02,160.867
2014-07-03,161.658
2014-07-07,161.095
2014-07-08,160.06
2014-07-09,160.777
2014-07-10,160.141
2014-07-11,160.361
2014-07-14,161.169
2014-07-15,160.867
2014-07-16,161.462
2014-07-17,159.627
2014-07-18,161.259
2014-07-21,160.957
2014-07-22,161.658
2014-07-23,162.017
2014-07-24,162.025
2014-07-25,161.267
2014-07-28,161.332
2014-07-29,160.639
2014-07-30,160.663
2014-07-31,157.49
2014-08-01,157.009
2014-08-04,158.143
2014-08-05,156.609
2014-08-06,156.658
2014-08-07,155.81
2014-08-08,157.613
2014-08-11,158.069
2014-08-12,157.849
2014-08-13,158.918
2014-08-14,159.668
2014-08-15,159.635
2014-08-18,160.973
2014-08-19,161.813
2014-08-20,162.245
2014-08-21,162.719
2014-08-22,162.466
2014-08-25,163.289
2014-08-26,163.395
2014-08-27,163.33
2014-08-28,163.241
2014-08-29,163.706
2014-09-02,163.624
2014-09-03,163.534
2014-09-04,163.298
2014-09-05,164.032
2014-09-08,163.608
2014-09-09,162.572
2014-09-10,163.183
2014-09-11,163.371
2014-09-12,162.417
2014-09-15,162.294
2014-09-16,163.518
2014-09-17,163.738
2014-09-18,164.611
2014-09-19,164.462
2014-09-22,163.192
2014-09-23,162.258
2014-09-24,163.528
2014-09-25,160.89
2014-09-26,162.168
2014-09-29,161.873
2014-09-30,161.447
2014-10-01,159.259
2014-10-02,159.284
2014-10-03,161.037
2014-10-06,160.849
2014-10-07,158.366
2014-10-08,161.136
2014-10-09,157.94
2014-10-10,156.137
2014-10-13,153.572
2014-10-14,153.81
2014-10-15,152.769
2014-10-16,152.638
2014-10-17,154.441
2014-10-20,155.94
2014-10-21,159.03
2014-10-22,157.899
2014-10-23,159.734
2014-10-24,160.963
2014-10-27,160.742
2014-10-28,162.586
2014-10-29,162.34
2014-10-30,163.381
2014-10-31,165.249
2014-11-03,165.339
2014-11-04,164.766
2014-11-05,165.806
2014-11-06,166.47
2014-11-07,166.626
2014-11-10,167.15
2014-11-11,167.314
2014-11-12,167.134
2014-11-13,167.322
2014-11-14,167.363
2014-11-17,167.47
2014-11-18,168.437
2014-11-19,168.166
2014-11-20,168.461
2014-11-21,169.363
2014-11-24,169.838
2014-11-25,169.715
2014-11-26,170.149
2014-11-28,169.789
2014-12-01,168.609
2014-12-02,169.699
2014-12-03,170.354
2014-12-04,170.166
2014-12-05,170.444
2014-12-08,169.305
2014-12-09,169.191
2014-12-10,166.478
2014-12-11,167.322
2014-12-12,164.618
2014-12-15,163.487
2014-12-16,162.176
2014-12-17,165.356
2014-12-18,169.445
2014-12-19,170.166
2014-12-22,170.948
2014-12-23,171.179
2014-12-24,171.196
2014-12-26,171.748
2014-12-29,171.978
2014-12-30,171.056
2014-12-31,169.358
2015-01-02,169.268
2015-01-05,166.211
2015-01-06,164.645
2015-01-07,166.697
2015-01-08,169.655
2015-01-09,168.295
2015-01-12,166.977
2015-01-13,166.507
2015-01-14,165.502
2015-01-15,163.986
2015-01-16,166.136
2015-01-20,166.491
2015-01-21,167.331
2015-01-22,169.82
2015-01-23,168.888
2015-01-26,169.284
2015-01-27,167.051
2015-01-28,164.909
2015-01-29,166.433
2015-01-30,164.34
2015-02-02,166.375
2015-02-03,168.781
2015-02-04,168.139
2015-02-05,169.836
2015-02-06,169.366
2015-02-09,168.608
2015-02-10,170.405
2015-02-11,170.503
2015-02-12,172.143
2015-02-13,172.852
2015-02-17,173.124
2015-02-18,173.14
2015-02-19,173.017
2015-02-20,174.055
2015-02-23,174.03
2015-02-24,174.524
2015-02-25,174.376
2015-02-26,174.17
2015-02-27,173.577
2015-03-02,174.673
2015-03-03,173.956
2015-03-04,173.223
2015-03-05,173.412
2015-03-06,170.973
2015-03-09,171.682
2015-03-10,168.897
2015-03-11,168.501
2015-03-12,170.644
2015-03-13,169.597
2015-03-16,171.863
2015-03-17,171.352
2015-03-18,173.412
2015-03-19,172.621
2015-03-20,174.145
2015-03-23,173.805
2015-03-24,172.829
2015-03-25,170.296
2015-03-26,169.891
2015-03-27,170.28
2015-03-30,172.357
2015-03-31,170.851
2015-04-01,170.247
2015-04-02,170.859
2015-04-06,172.009
2015-04-07,171.554
2015-04-08,172.134
2015-04-09,172.895
2015-04-10,173.839
2015-04-13,173.052
2015-04-14,173.383
2015-04-15,174.161
2015-04-16,174.112
2015-04-17,172.109
2015-04-20,173.681
2015-04-21,173.474
2015-04-22,174.327
2015-04-23,174.765
2015-04-24,175.171
2015-04-27,174.443
2015-04-28,174.997
2015-04-29,174.277
2015-04-30,172.531
2015-05-01,174.401
2015-05-04,174.898
2015-05-05,172.895
2015-05-06,172.183
2015-05-07,172.87
2015-05-08,175.146
2015-05-11,174.31
2015-05-12,173.789
2015-05-13,173.822
2015-05-14,175.635
2015-05-15,175.825
2015-05-18,176.371
2015-05-19,176.313
2015-05-20,176.189
2015-05-21,176.702
2015-05-22,176.28
2015-05-26,174.385
2015-05-27,176.04
2015-05-28,175.841
2015-05-29,174.749
2015-06-01,175.105
2015-06-02,174.931
2015-06-03,175.395
2015-06-04,173.913
2015-06-05,173.615
2015-06-08,172.547
2015-06-09,172.523
2015-06-10,174.592
2015-06-11,175.155
2015-06-12,173.814
2015-06-15,173.069
2015-06-16,174.012
2015-06-17,174.294
2015-06-18,176.106
2015-06-19,175.325
2015-06-22,176.223
2015-06-23,176.347
2015-06-24,175.067
2015-06-25,174.534
2015-06-26,174.501
2015-06-29,170.842
2015-06-30,171.199
2015-07-01,172.572
2015-07-02,172.414
2015-07-06,171.923
2015-07-07,173.004
2015-07-08,170.102
2015-07-09,170.409
2015-07-10,172.555
2015-07-13,174.46
2015-07-14,175.216
2015-07-15,175.158
2015-07-16,176.564
2015-07-17,176.713
2015-07-20,176.805
2015-07-21,176.106
2015-07-22,175.79
2015-07-23,174.801
2015-07-24,172.987
2015-07-27,171.981
2015-07-28,174.094
2015-07-29,175.291
2015-07-30,175.333
2015-07-31,175.067
2015-08-03,174.476
2015-08-04,174.135
2015-08-05,174.709
2015-08-06,173.279
2015-08-07,172.946
2015-08-10,175.125
2015-08-11,173.545
2015-08-12,173.753
2015-08-13,173.536
2015-08-14,174.168
2015-08-17,175.142
2015-08-18,174.634
2015-08-19,173.254
2015-08-20,169.636
2015-08-21,164.529
2015-08-24,157.602
2015-08-25,155.747
2015-08-26,161.727
2015-08-27,165.727
2015-08-28,165.735
2015-08-31,164.396
2015-09-01,159.489
2015-09-02,162.517
2015-09-03,162.633
2015-09-04,160.171
2015-09-08,164.197
2015-09-09,162.001
2015-09-10,162.883
2015-09-11,163.623
2015-09-14,163.016
2015-09-15,165.053
2015-09-16,166.484
2015-09-17,166.11
2015-09-18,163.395
2015-09-21,164.24
2015-09-22,162.108
2015-09-23,161.849
2015-09-24,161.263
2015-09-25,161.222
2015-09-28,157.175
2015-09-29,157.267
2015-09-30,160.202
2015-10-01,160.62
2015-10-02,163.019
2015-10-05,165.92
2015-10-06,165.351
2015-10-07,166.706
2015-10-08,168.21
2015-10-09,168.311
2015-10-12,168.47
2015-10-13,167.408
2015-10-14,166.605
2015-10-15,169.164
2015-10-16,169.933
2015-10-19,170.016
2015-10-20,169.799
2015-10-21,168.745
2015-10-22,171.596
2015-10-23,173.477
2015-10-26,173.051
2015-10-27,172.716
2015-10-28,174.681
2015-10-29,174.581
2015-10-30,173.828
2015-11-02,175.885
2015-11-03,176.395
2015-11-04,175.86
2015-11-05,175.684
2015-11-06,175.592
2015-11-09,173.954
2015-11-10,174.355
2015-11-11,173.67
2015-11-12,171.245
2015-11-13,169.322
2015-11-16,171.897
2015-11-17,171.772
2015-11-18,174.497
2015-11-19,174.347
2015-11-20,174.982
2015-11-23,174.781
2015-11-24,175.015
2015-11-25,174.99
2015-11-27,175.191
2015-11-30,174.464
2015-12-01,176.127
2015-12-02,174.33
2015-12-03,171.889
2015-12-04,175.241
2015-12-07,174.179
2015-12-08,173.009
2015-12-09,171.663
2015-12-10,172.106
2015-12-11,168.771
2015-12-14,169.623
2015-12-15,171.404
2015-12-16,173.912
2015-12-17,171.262
2015-12-18,168.211
2015-12-21,169.598
2015-12-22,171.137
2015-12-23,173.257
2015-12-24,172.971
2015-12-28,172.575
2015-12-29,174.417
2015-12-30,173.181
2015-12-31,171.449
2016-01-04,169.052
2016-01-05,169.338
2016-01-06,167.202
2016-01-07,163.19
2016-01-08,161.399
2016-01-11,161.559
2016-01-12,162.862
2016-01-13,158.8
2016-01-14,161.407
2016-01-15,157.943
2016-01-19,158.153
2016-01-20,156.126
2016-01-21,157.001
2016-01-22,160.222
2016-01-25,157.8
2016-01-26,159.952
2016-01-27,158.212
2016-01-28,159.036
2016-01-29,162.913
2016-02-01,162.854
2016-02-02,159.919
2016-02-03,160.878
2016-02-04,161.13
2016-02-05,158.06
2016-02-08,155.933
2016-02-09,155.941
2016-02-10,155.806
2016-02-11,153.78
2016-02-12,156.95
2016-02-16,159.599
2016-02-17,162.206
2016-02-18,161.542
2016-02-19,161.466
2016-02-22,163.804
2016-02-23,161.735
2016-02-24,162.475
2016-02-25,164.443
2016-02-26,164.065
2016-02-29,162.778
2016-03-01,166.605
2016-03-02,167.353
2016-03-03,168.009
2016-03-04,168.556
2016-03-07,168.69
2016-03-08,166.848
2016-03-09,167.673
2016-03-10,167.807
2016-03-11,170.515
2016-03-14,170.296
2016-03-15,170.019
2016-03-16,171.003
2016-03-17,172.088
2016-03-18,172.764
2016-03-21,173.009
2016-03-22,172.916
2016-03-23,171.775
2016-03-24,171.699
2016-03-28,171.8
2016-03-29,173.389
2016-03-30,174.15
2016-03-31,173.728
2016-04-01,174.911
2016-04-04,174.345
2016-04-05,172.603
2016-04-06,174.488
2016-04-07,172.4
2016-04-08,172.865
2016-04-11,172.46
2016-04-12,174.066
2016-04-13,175.824
2016-04-14,175.832
2016-04-15,175.638
2016-04-18,176.872
2016-04-19,177.43
2016-04-20,177.599
2016-04-21,176.644
2016-04-22,176.644
2016-04-25,176.34
2016-04-26,176.602
2016-04-27,176.965
2016-04-28,175.359
2016-04-29,174.412
2016-05-02,175.799
2016-05-03,174.269
2016-05-04,173.296
2016-05-05,173.263
2016-05-06,173.897
2016-05-09,174.04
2016-05-10,176.204
2016-05-11,174.556
2016-05-12,174.607
2016-05-13,173.085
2016-05-16,174.793
2016-05-17,173.161
2016-05-18,173.212
2016-05-19,172.612
2016-05-20,173.702
2016-05-23,173.466
2016-05-24,175.714
2016-05-25,176.906
2016-05-26,176.957
2016-05-27,177.717
2016-05-31,177.379
2016-06-01,177.743
2016-06-02,178.284
2016-06-03,177.751
2016-06-06,178.656
2016-06-07,178.935
2016-06-08,179.518
2016-06-09,179.273
2016-06-10,177.574
2016-06-13,176.204
2016-06-14,175.858
2016-06-15,175.613
2016-06-16,176.137
2016-06-17,175.481
2016-06-20,176.611
2016-06-21,177.112
2016-06-22,176.823
2016-06-23,179.126
2016-06-24,172.694
2016-06-27,169.601
2016-06-28,172.66
2016-06-29,175.6
2016-06-30,177.996
2016-07-01,178.37
2016-07-05,177.087
2016-07-06,178.149
2016-07-07,178.038
2016-07-08,180.689
2016-07-11,181.327
2016-07-12,182.644
2016-07-13,182.618
2016-07-14,183.638
2016-07-15,183.391
2016-07-18,183.884
2016-07-19,183.697
2016-07-20,184.462
2016-07-21,183.765
2016-07-22,184.59
2016-07-25,184.088
2016-07-26,184.173
2016-07-27,183.978
2016-07-28,184.19
2016-07-29,184.488
2016-08-01,184.335
2016-08-02,183.154
2016-08-03,183.689
2016-08-04,183.884
2016-08-05,185.388
2016-08-08,185.278
2016-08-09,185.388
2016-08-10,184.929
2016-08-11,185.788
2016-08-12,185.626
2016-08-15,186.161
2016-08-16,185.201
2016-08-17,185.55
2016-08-18,185.966
2016-08-19,185.694
2016-08-22,185.686
2016-08-23,186.059
2016-08-24,185.108
2016-08-25,184.98
2016-08-26,184.632
2016-08-29,185.541
2016-08-30,185.235
2016-08-31,184.709
2016-09-01,184.717
2016-09-02,185.55
2016-09-06,186.111
2016-09-07,186.093
2016-09-08,185.669
2016-09-09,181.225
2016-09-12,183.825
2016-09-13,181.182
2016-09-14,181.114
2016-09-15,182.924
2016-09-16,182.217
2016-09-19,182.251
2016-09-20,182.26
2016-09-21,184.309
2016-09-22,185.471
2016-09-23,184.454
2016-09-26,182.96
2016-09-27,184.096
2016-09-28,185.01
2016-09-29,183.336
2016-09-30,184.719
2016-10-03,184.275
2016-10-04,183.336
2016-10-05,184.147
2016-10-06,184.275
2016-10-07,183.643
2016-10-10,184.6
2016-10-11,182.268
2016-10-12,182.507
2016-10-13,181.91
2016-10-14,182.003
2016-10-17,181.372
2016-10-18,182.507
2016-10-19,182.994
2016-10-20,182.653
2016-10-21,182.738
2016-10-24,183.515
2016-10-25,182.9
2016-10-26,182.533
2016-10-27,182.046
2016-10-28,181.508
2016-10-31,181.517
2016-11-01,180.202
2016-11-02,179.117
2016-11-03,178.297
2016-11-04,178.101
2016-11-07,182.029
2016-11-08,182.849
2016-11-09,184.788
2016-11-10,185.249
2016-11-11,184.822
2016-11-14,184.967
2016-11-15,186.41
2016-11-16,186.06
2016-11-17,187.016
2016-11-18,186.598
2016-11-21,188.007
2016-11-22,188.374
2016-11-23,188.477
2016-11-25,189.177
2016-11-28,188.289
2016-11-29,188.656
2016-11-30,188.204
2016-12-01,187.512
2016-12-02,187.606
2016-12-05,188.733
2016-12-06,189.331
2016-12-07,191.807
2016-12-08,192.277
2016-12-09,193.438
2016-12-12,193.216
2016-12-13,194.506
2016-12-14,192.9
2016-12-15,193.695
2016-12-16,193.316
2016-12-19,193.737
2016-12-20,194.484
2016-12-21,193.943
2016-12-22,193.608
2016-12-23,193.891
2016-12-27,194.373
2016-12-28,192.766
2016-12-29,192.723
2016-12-30,192.019
2017-01-03,193.488
2017-01-04,194.639
2017-01-05,194.484
2017-01-06,195.18
2017-01-09,194.536
2017-01-10,194.536
2017-01-11,195.086
2017-01-12,194.596
2017-01-13,195.043
2017-01-17,194.355
2017-01-18,194.785
2017-01-19,194.063
2017-01-20,194.776
2017-01-23,194.269
2017-01-24,195.515
2017-01-25,197.207
2017-01-26,197.001
2017-01-27,196.692
2017-01-30,195.472
2017-01-31,195.455
2017-02-01,195.532
2017-02-02,195.661
2017-02-03,197.01
2017-02-06,196.657
2017-02-07,196.666
2017-02-08,196.924
2017-02-09,198.092
2017-02-10,198.874
2017-02-13,199.956
2017-02-14,200.755
2017-02-15,201.803
2017-02-16,201.631
2017-02-17,201.949
2017-02-21,203.152
2017-02-22,202.971
2017-02-23,203.109
2017-02-24,203.367
2017-02-27,203.684
2017-02-28,203.135
2017-03-01,205.978
2017-03-02,204.681
2017-03-03,204.81
2017-03-06,204.2
2017-03-07,203.59
2017-03-08,203.212
2017-03-09,203.47
2017-03-10,204.183
2017-03-13,204.286
2017-03-14,203.504
2017-03-15,205.265
2017-03-16,204.861
2017-03-17,204.501
2017-03-20,204.277
2017-03-21,201.654
2017-03-22,202.129
2017-03-23,201.913
2017-03-24,201.767
2017-03-27,201.559
2017-03-28,203.026
2017-03-29,203.216
2017-03-30,203.863
2017-03-31,203.389
2017-04-03,203.035
2017-04-04,203.164
2017-04-05,202.56
2017-04-06,203.13
2017-04-07,202.923
2017-04-10,203.043
2017-04-11,202.802
2017-04-12,201.913
2017-04-13,200.602
2017-04-17,202.379
2017-04-18,201.775
2017-04-19,201.404
2017-04-20,203.043
2017-04-21,202.396
2017-04-24,204.622
2017-04-25,205.813
2017-04-26,205.683
2017-04-27,205.856
2017-04-28,205.407
2017-05-01,205.925
2017-05-02,206.003
2017-05-03,205.752
2017-05-04,205.994
2017-05-05,206.805
2017-05-08,206.771
2017-05-09,206.581
2017-05-10,206.952
2017-05-11,206.529
2017-05-12,206.184
2017-05-15,207.323
2017-05-16,207.133
2017-05-17,203.458
2017-05-18,204.277
2017-05-19,205.606
2017-05-22,206.65
2017-05-23,207.107
2017-05-24,207.59
2017-05-25,208.582
2017-05-26,208.539
2017-05-30,208.358
2017-05-31,208.306
2017-06-01,209.963
2017-06-02,210.662
2017-06-05,210.506
2017-06-06,209.833
2017-06-07,210.222
2017-06-08,210.325
2017-06-09,210.006
2017-06-12,209.963
2017-06-13,210.989
2017-06-14,210.722
2017-06-15,210.316
2017-06-16,210.362
2017-06-19,212.114
2017-06-20,210.683
2017-06-21,210.631
2017-06-22,210.536
2017-06-23,210.787
2017-06-26,210.926
2017-06-27,209.227
2017-06-28,211.099
2017-06-29,209.244
2017-06-30,209.634
2017-07-03,209.99
2017-07-05,210.475
2017-07-06,208.55
2017-07-07,209.903
2017-07-10,210.128
2017-07-11,209.972
2017-07-12,211.55
2017-07-13,211.906
2017-07-14,212.894
2017-07-17,212.868
2017-07-18,212.981
2017-07-19,214.134
2017-07-20,214.229
2017-07-21,214.038
2017-07-24,213.986
2017-07-25,214.507
2017-07-26,214.515
2017-07-27,214.316
2017-07-28,214.064
2017-07-31,213.943
2017-08-01,214.42
2017-08-02,214.524
2017-08-03,214.108
2017-08-04,214.498
2017-08-07,214.897
2017-08-08,214.368
2017-08-09,214.359
2017-08-10,211.333
2017-08-11,211.646
2017-08-14,213.744
2017-08-15,213.718
2017-08-16,214.09
2017-08-17,210.753
2017-08-18,210.423
2017-08-21,210.588
2017-08-22,212.79
2017-08-23,212.027
2017-08-24,211.533
2017-08-25,212.027
2017-08-28,212.036
2017-08-29,212.278
2017-08-30,213.284
2017-08-31,214.567
2017-09-01,214.871
2017-09-05,213.328
2017-09-06,214.056
2017-09-07,214.03
2017-09-08,213.778
2017-09-11,216.058
2017-09-12,216.787
2017-09-13,216.891
2017-09-14,216.821
2017-09-15,217.113
2017-09-18,217.575
2017-09-19,217.793
2017-09-20,217.871
2017-09-21,217.288
2017-09-22,217.331
2017-09-25,216.887
2017-09-26,217.017
2017-09-27,217.863
2017-09-28,218.124
2017-09-29,218.891
2017-10-02,219.84
2017-10-03,220.311
2017-10-04,220.572
2017-10-05,221.879
2017-10-06,221.626
2017-10-09,221.261
2017-10-10,221.844
2017-10-11,222.193
2017-10-12,221.862
2017-10-13,222.132
2017-10-16,222.428
2017-10-17,222.585
2017-10-18,222.803
2017-10-19,222.864
2017-10-20,224.014
2017-10-23,223.142
2017-10-24,223.535
2017-10-25,222.428
2017-10-26,222.716
2017-10-27,224.536
2017-10-30,223.7
2017-10-31,224.049
2017-11-01,224.345
2017-11-02,224.432
2017-11-03,225.181
2017-11-06,225.53
2017-11-07,225.373
2017-11-08,225.756
2017-11-09,224.937
2017-11-10,224.868
2017-11-13,225.077
2017-11-14,224.554
2017-11-15,223.43
2017-11-16,225.329
2017-11-17,224.667
2017-11-20,225.051
2017-11-21,226.523
2017-11-22,226.323
2017-11-24,226.845
2017-11-27,226.732
2017-11-28,229.032
2017-11-29,228.893
2017-11-30,230.897
2017-12-01,230.418
2017-12-04,230.139
2017-12-05,229.311
2017-12-06,229.355
2017-12-07,230.078
2017-12-08,231.333
2017-12-11,232.03
2017-12-12,232.439
2017-12-13,232.413
2017-12-14,231.463
2017-12-15,233.391
2017-12-18,234.871
2017-12-19,233.969
2017-12-20,233.846
2017-12-21,234.328
2017-12-22,234.266
2017-12-26,233.986
2017-12-27,234.1
2017-12-28,234.582
2017-12-29,233.697
2018-01-02,235.37
2018-01-03,236.859
2018-01-04,237.857
2018-01-05,239.442
2018-01-08,239.88
2018-01-09,240.423
2018-01-10,240.055
2018-01-11,241.806
2018-01-12,243.383
2018-01-16,242.551
2018-01-17,244.863
2018-01-18,244.451
2018-01-19,245.563
2018-01-22,247.56
2018-01-23,248.085
2018-01-24,247.989
2018-01-25,248.094
2018-01-26,250.967
2018-01-29,249.303
2018-01-30,246.746
2018-01-31,246.868
2018-02-01,246.588
2018-02-02,241.22
2018-02-05,231.131
2018-02-06,235.685
2018-02-07,234.407
2018-02-08,225.614
2018-02-09,229.003
2018-02-12,232.366
2018-02-13,232.944
2018-02-14,236.088
2018-02-15,239.1
2018-02-16,239.17
2018-02-20,237.673
2018-02-21,236.491
2018-02-22,236.797
2018-02-23,240.572
2018-02-26,243.365
2018-02-27,240.326
2018-02-28,237.892
2018-03-01,234.433
2018-03-02,235.641
2018-03-05,238.365
2018-03-06,238.969
2018-03-07,238.882
2018-03-08,240.038
2018-03-09,244.215
2018-03-12,243.908
2018-03-13,242.332
2018-03-14,241.088
2018-03-15,240.826
2018-03-16,241.087
2018-03-19,237.825
2018-03-20,238.229
2018-03-21,237.772
2018-03-22,231.828
2018-03-23,226.887
2018-03-26,233.094
2018-03-27,229.129
2018-03-28,228.452
2018-03-29,231.371
2018-04-02,226.377
2018-04-03,229.279
2018-04-04,231.732
2018-04-05,233.561
2018-04-06,228.355
2018-04-09,229.481
2018-04-10,233.13
2018-04-11,231.908
2018-04-12,233.815
2018-04-13,233.13
2018-04-16,235.046
2018-04-17,237.561
2018-04-18,237.737
2018-04-19,236.418
2018-04-20,234.413
2018-04-23,234.378
2018-04-24,231.222
2018-04-25,231.793
2018-04-26,234.15
2018-04-27,234.369
2018-04-30,232.567
2018-05-01,232.98
2018-05-02,231.415
2018-05-03,230.905
2018-05-04,233.895
2018-05-07,234.686
2018-05-08,234.686
2018-05-09,236.954
2018-05-10,239.17
2018-05-11,239.9
2018-05-14,240.014
2018-05-15,238.361
2018-05-16,239.363
2018-05-17,239.161
2018-05-18,238.563
2018-05-21,240.357
2018-05-22,239.689
2018-05-23,240.348
2018-05-24,239.856
2018-05-25,239.284
2018-05-29,236.532
2018-05-30,239.689
2018-05-31,238.22
2018-06-01,240.559
2018-06-04,241.702
2018-06-05,241.878
2018-06-06,243.9
2018-06-07,243.874
2018-06-08,244.595
2018-06-11,244.92
2018-06-12,245.237
2018-06-13,244.454
2018-06-14,245.07
2018-06-15,244.757
2018-06-18,244.254
2018-06-19,243.317
2018-06-20,243.733
2018-06-21,242.205
2018-06-22,242.646
2018-06-25,239.343
2018-06-26,239.873
2018-06-27,237.886
2018-06-28,239.246
2018-06-29,239.59
2018-07-02,240.103
2018-07-03,239.255
2018-07-05,241.207
2018-07-06,243.247
2018-07-09,245.437
2018-07-10,246.32
2018-07-11,244.519
2018-07-12,246.735
2018-07-13,246.93
2018-07-16,246.709
2018-07-17,247.707
2018-07-18,248.228
2018-07-19,247.292
2018-07-20,247.009
2018-07-23,247.468
2018-07-24,248.714
2018-07-25,250.833
2018-07-26,250.242
2018-07-27,248.546
2018-07-30,247.248
2018-07-31,248.466
2018-08-01,248.051
2018-08-02,249.403
2018-08-03,250.471
2018-08-06,251.39
2018-08-07,252.22
2018-08-08,252.114
2018-08-09,251.77
2018-08-10,250.083
2018-08-13,249.146
2018-08-14,250.736
2018-08-15,248.864
2018-08-16,250.878
2018-08-17,251.761
2018-08-20,252.299
2018-08-21,252.891
2018-08-22,252.741
2018-08-23,252.405
2018-08-24,253.925
2018-08-27,255.929
2018-08-28,256.053
2018-08-29,257.431
2018-08-30,256.389
2018-08-31,256.397
2018-09-04,255.956
2018-09-05,255.267
2018-09-06,254.499
2018-09-07,254.004
2018-09-10,254.446
2018-09-11,255.285
2018-09-12,255.347
2018-09-13,256.857
2018-09-14,256.901
2018-09-17,255.541
2018-09-18,256.927
2018-09-19,257.201
2018-09-20,259.285
2018-09-21,259.048
2018-09-24,258.188
2018-09-25,257.948
2018-09-26,257.177
2018-09-27,257.895
2018-09-28,257.922
2018-10-01,258.818
2018-10-02,258.667
2018-10-03,258.809
2018-10-04,256.786
2018-10-05,255.349
2018-10-08,255.349
2018-10-09,254.976
2018-10-10,246.903
2018-10-11,241.465
2018-10-12,244.818
2018-10-15,243.443
2018-10-16,248.766
2018-10-17,248.811
2018-10-18,245.217
2018-10-19,245.084
2018-10-22,243.984
2018-10-23,242.742
2018-10-24,235.387
2018-10-25,239.61
2018-10-26,235.396
2018-10-29,234.092
2018-10-30,237.561
2018-10-31,240.098
2018-11-01,242.653
2018-11-02,241.216
2018-11-05,242.547
2018-11-06,244.082
2018-11-07,249.307
2018-11-08,248.855
2018-11-09,246.424
2018-11-12,241.819
2018-11-13,241.367
2018-11-14,239.717
2018-11-15,242.219
2018-11-16,242.849
2018-11-19,238.741
2018-11-20,234.323
2018-11-21,235.121
2018-11-23,233.551
2018-11-26,237.321
2018-11-27,238.12
2018-11-28,243.603
2018-11-29,243.07
2018-11-30,244.552
2018-12-03,247.79
2018-12-04,239.761
2018-12-06,239.397
2018-12-07,233.835
2018-12-10,234.278
2018-12-11,234.332
2018-12-12,235.512
2018-12-13,235.432
2018-12-14,231.085
2018-12-17,226.551
2018-12-18,226.303
2018-12-19,222.914
2018-12-20,219.285
2018-12-21,214.792
2018-12-24,209.117
2018-12-26,219.682
2018-12-27,221.369
2018-12-28,221.083
2018-12-31,223.02
2019-01-02,223.252
2019-01-03,217.924
2019-01-04,225.224
2019-01-07,227
2019-01-08,229.132
2019-01-09,230.203
2019-01-10,231.015
2019-01-11,231.104
2019-01-14,229.694
2019-01-15,232.327
2019-01-16,232.889
2019-01-17,234.656
2019-01-18,237.779
2019-01-22,234.567
2019-01-23,235.058
2019-01-24,235.182
2019-01-25,237.172
2019-01-28,235.37
2019-01-29,235.058
2019-01-30,238.779
2019-01-31,240.876
2019-02-01,240.992
2019-02-04,242.687
2019-02-05,243.705
2019-02-06,243.383
2019-02-07,241.063
2019-02-08,241.358
2019-02-11,241.491
2019-02-12,244.597
2019-02-13,245.391
2019-02-14,244.847
2019-02-15,247.515
2019-02-19,247.943
2019-02-20,248.443
2019-02-21,247.56
2019-02-22,249.094
2019-02-25,249.433
2019-02-26,249.255
2019-02-27,249.148
2019-02-28,248.684
2019-03-01,250.237
2019-03-04,249.326
2019-03-05,248.987
2019-03-06,247.479
2019-03-07,245.409
2019-03-08,244.918
2019-03-11,248.47
2019-03-12,249.407
2019-03-13,251.058
2019-03-14,250.897
2019-03-15,252.137
2019-03-18,253.051
2019-03-19,253.114
2019-03-20,252.352
2019-03-21,255.202
2019-03-22,250.29
2019-03-25,250.102
2019-03-26,251.966
2019-03-27,250.649
2019-03-28,251.599
2019-03-29,253.185
2019-04-01,256.188
2019-04-02,256.313
2019-04-03,256.717
2019-04-04,257.398
2019-04-05,258.644
2019-04-08,258.841
2019-04-09,257.514
2019-04-10,258.393
2019-04-11,258.321
2019-04-12,260.069
2019-04-15,259.899
2019-04-16,260.069
2019-04-17,259.433
2019-04-18,259.943
2019-04-22,260.167
2019-04-23,262.507
2019-04-24,261.924
2019-04-25,261.763
2019-04-26,262.982
2019-04-29,263.394
2019-04-30,263.529
2019-05-01,261.548
2019-05-02,260.983
2019-05-03,263.538
2019-05-06,262.453
2019-05-07,258.07
2019-05-08,257.712
2019-05-09,256.932
2019-05-10,258.222
2019-05-13,251.733
2019-05-14,254.01
2019-05-15,255.498
2019-05-16,257.864
2019-05-17,256.197
2019-05-20,254.503
2019-05-21,256.797
2019-05-22,256.009
2019-05-23,252.88
2019-05-24,253.454
2019-05-28,251.097
2019-05-29,249.412
2019-05-30,250.093
2019-05-31,246.723
2019-06-03,246.096
2019-06-04,251.437
2019-06-05,253.615
2019-06-06,255.265
2019-06-07,257.819
2019-06-10,259.002
2019-06-11,258.939
2019-06-12,258.482
2019-06-13,259.549
2019-06-14,259.262
2019-06-17,259.361
2019-06-18,262.077
2019-06-19,262.668
2019-06-20,265.178
2019-06-21,264.792
2019-06-24,264.468
2019-06-25,261.874
2019-06-26,261.613
2019-06-27,262.541
2019-06-28,263.892
2019-07-01,266.287
2019-07-02,266.981
2019-07-03,269.115
2019-07-05,268.809
2019-07-08,267.332
2019-07-09,267.665
2019-07-10,268.944
2019-07-11,269.575
2019-07-12,270.782
2019-07-15,270.872
2019-07-16,269.998
2019-07-17,268.161
2019-07-18,269.142
2019-07-19,267.647
2019-07-22,268.305
2019-07-23,270.223
2019-07-24,271.493
2019-07-25,270.196
2019-07-26,272.006
2019-07-29,271.511
2019-07-30,270.845
2019-07-31,267.882
2019-08-01,265.549
2019-08-02,263.549
2019-08-05,255.624
2019-08-06,259.208
2019-08-07,259.361
2019-08-08,264.45
2019-08-09,262.649
2019-08-12,259.451
2019-08-13,263.486
2019-08-14,255.695
2019-08-15,256.371
2019-08-16,260.154
2019-08-19,263.288
2019-08-20,261.271
2019-08-21,263.396
2019-08-22,263.315
2019-08-23,256.551
2019-08-26,259.388
2019-08-27,258.371
2019-08-28,260.19
2019-08-29,263.513
2019-08-30,263.396
2019-09-03,261.856
2019-09-04,264.828
2019-09-05,268.233
2019-09-06,268.44
2019-09-09,268.575
2019-09-10,268.512
2019-09-11,270.421
2019-09-12,271.358
2019-09-13,271.178
2019-09-16,270.34
2019-09-17,271.025
2019-09-18,271.187
2019-09-19,271.169
2019-09-20,269.888
2019-09-23,269.824
2019-09-24,267.707
2019-09-25,269.29
2019-09-26,268.729
2019-09-27,267.282
2019-09-30,268.521
2019-10-01,265.327
2019-10-02,260.64
2019-10-03,262.776
2019-10-04,266.332
2019-10-07,265.183
2019-10-08,261.066
2019-10-09,263.545
2019-10-10,265.327
2019-10-11,268.078
2019-10-14,267.779
2019-10-15,270.431
2019-10-16,269.996
2019-10-17,270.793
2019-10-18,269.607
2019-10-21,271.435
2019-10-22,270.548
2019-10-23,271.335
2019-10-24,271.779
2019-10-25,272.892
2019-10-28,274.43
2019-10-29,274.348
2019-10-30,275.19
2019-10-31,274.457
2019-11-01,276.999
2019-11-04,278.112
2019-11-05,277.805
2019-11-06,277.868
2019-11-07,278.845
2019-11-08,279.533
2019-11-11,278.999
2019-11-12,279.587
2019-11-13,279.678
2019-11-14,280.085
2019-11-15,282.112
2019-11-18,282.32
2019-11-19,282.238
2019-11-20,281.189
2019-11-21,280.736
2019-11-22,281.361
2019-11-25,283.541
2019-11-26,284.184
2019-11-27,285.45
2019-11-29,284.392
2019-12-02,281.976
2019-12-03,280.085
2019-12-04,281.813
2019-12-05,282.32
2019-12-06,284.898
2019-12-09,284.003
2019-12-10,283.686
2019-12-11,284.491
2019-12-12,286.943
2019-12-13,287.115
2019-12-16,289.088
2019-12-17,289.151
2019-12-18,289.169
2019-12-19,290.354
2019-12-20,291.627
2019-12-23,292.073
2019-12-24,292.082
2019-12-26,293.637
2019-12-27,293.564
2019-12-30,291.946
2019-12-31,292.655
2020-01-02,295.392
2020-01-03,293.155
2020-01-06,294.273
2020-01-07,293.446
2020-01-08,295.01
2020-01-09,297.01
2020-01-10,296.156
2020-01-13,298.192
2020-01-14,297.738
2020-01-15,298.411
2020-01-16,300.893
2020-01-17,301.829
2020-01-21,301.238
2020-01-22,301.275
2020-01-23,301.62
2020-01-24,298.938
2020-01-27,294.146
2020-01-28,297.229
2020-01-29,296.983
2020-01-30,297.947
2020-01-31,292.537
2020-02-03,294.71
2020-02-04,299.202
2020-02-05,302.657
2020-02-06,303.675
2020-02-07,302.057
2020-02-10,304.312
2020-02-11,304.839
2020-02-12,306.803
2020-02-13,306.476
2020-02-14,306.967
2020-02-18,306.176
2020-02-19,307.64
2020-02-20,306.376
2020-02-21,303.22
2020-02-24,293.164
2020-02-25,284.281
2020-02-26,283.235
2020-02-27,270.514
2020-02-28,269.378
2020-03-02,281.044
2020-03-03,272.997
2020-03-04,284.471
2020-03-05,275.015
2020-03-06,270.469
2020-03-09,249.347
2020-03-10,262.249
2020-03-11,249.465
2020-03-12,225.597
2020-03-13,244.882
2020-03-16,218.086
2020-03-17,229.861
2020-03-18,218.223
2020-03-19,218.686
2020-03-20,209.262
2020-03-23,203.912
2020-03-24,222.387
2020-03-25,225.716
2020-03-26,238.896
2020-03-27,231.78
2020-03-30,239.307
2020-03-31,235.74
2020-04-01,225.131
2020-04-02,230.326
2020-04-03,226.997
2020-04-06,242.243
2020-04-07,242.49
2020-04-08,250.63
2020-04-09,254.444
2020-04-13,252.121
2020-04-14,259.557
2020-04-15,254.042
2020-04-16,255.267
2020-04-17,262.163
2020-04-20,257.544
2020-04-21,249.725
2020-04-22,255.267
2020-04-23,255.249
2020-04-24,258.807
2020-04-27,262.538
2020-04-28,261.331
2020-04-29,268.172
2020-04-30,265.675
2020-05-01,258.642
2020-05-04,259.355
2020-05-05,261.752
2020-05-06,259.977
2020-05-07,263.114
2020-05-08,267.468
2020-05-11,267.523
2020-05-12,262.191
2020-05-13,257.554
2020-05-14,260.636
2020-05-15,261.834
2020-05-18,269.809
2020-05-19,267.038
2020-05-20,271.575
2020-05-21,269.7
2020-05-22,270.212
2020-05-26,273.541
2020-05-27,277.611
2020-05-28,277.099
2020-05-29,278.334
2020-06-01,279.459
2020-06-02,281.773
2020-06-03,285.522
2020-06-04,284.772
2020-06-05,292.071
2020-06-08,295.601
2020-06-09,293.397
2020-06-10,291.76
2020-06-11,274.94
2020-06-12,278.233
2020-06-15,280.83
2020-06-16,286.236
2020-06-17,285.047
2020-06-18,285.157
2020-06-19,283.527
2020-06-22,285.346
2020-06-23,286.659
2020-06-24,279.347
2020-06-25,282.342
2020-06-26,275.636
2020-06-29,279.687
2020-06-30,283.27
2020-07-01,285.254
2020-07-02,286.825
2020-07-06,291.253
2020-07-07,288.249
2020-07-08,290.453
2020-07-09,288.8
2020-07-10,291.749
2020-07-13,289.222
2020-07-14,292.97
2020-07-15,295.662
2020-07-16,294.688
2020-07-17,295.543
2020-07-20,297.931
2020-07-21,298.565
2020-07-22,300.264
2020-07-23,296.682
2020-07-24,294.771
2020-07-27,296.921
2020-07-28,295.037
2020-07-29,298.666
2020-07-30,297.6
2020-07-31,299.952
2020-08-03,302.037
2020-08-04,303.204
2020-08-05,305.087
2020-08-06,307.127
2020-08-07,307.347
2020-08-10,308.266
2020-08-11,305.721
2020-08-12,309.983
2020-08-13,309.423
2020-08-14,309.432
2020-08-17,310.415
2020-08-18,311.086
2020-08-19,309.791
2020-08-20,310.755
2020-08-21,311.857
2020-08-24,315.018
2020-08-25,316.12
2020-08-26,319.289
2020-08-27,319.987
2020-08-28,322.054
2020-08-31,320.888
2020-09-01,323.91
2020-09-02,328.595
2020-09-03,317.287
2020-09-04,314.696
2020-09-08,306.098
2020-09-09,312.142
2020-09-10,306.722
2020-09-11,306.879
2020-09-14,310.921
2020-09-15,312.491
2020-09-16,311.251
2020-09-17,308.514
2020-09-18,304.962
2020-09-21,301.568
2020-09-22,304.639
2020-09-23,297.574
2020-09-24,298.367
2020-09-25,303.191
2020-09-28,308.227
2020-09-29,306.548
2020-09-30,308.872
2020-10-01,310.855
2020-10-02,307.904
2020-10-05,313.364
2020-10-06,308.909
2020-10-07,314.286
2020-10-08,317.072
2020-10-09,319.903
2020-10-12,325.05
2020-10-13,322.928
2020-10-14,320.899
2020-10-15,320.503
2020-10-16,320.309
2020-10-19,315.439
2020-10-20,316.703
2020-10-21,316.103
2020-10-22,317.837
2020-10-23,318.916
2020-10-26,313.023
2020-10-27,311.944
2020-10-28,301.282
2020-10-29,304.344
2020-10-30,301.171
2020-11-02,304.547
2020-11-03,309.924
2020-11-04,316.85
2020-11-05,323.03
2020-11-06,322.956
2020-11-09,327.014
2020-11-10,326.535
2020-11-11,328.96
2020-11-12,325.769
2020-11-13,330.279
2020-11-16,334.402
2020-11-17,332.604
2020-11-18,328.601
2020-11-19,329.984
2020-11-20,327.724
2020-11-23,329.689
2020-11-24,335.002
2020-11-25,334.485
2020-11-27,335.417
2020-11-30,333.932
2020-12-01,337.584
2020-12-02,338.294
2020-12-03,338.202
2020-12-04,341.116
2020-12-07,340.415
2020-12-08,341.412
2020-12-09,338.349
2020-12-10,338.239
2020-12-11,337.842
2020-12-14,336.33
2020-12-15,340.877
2020-12-16,341.412
2020-12-17,343.321
2020-12-18,341.95
2020-12-21,340.727
2020-12-22,340.153
2020-12-23,340.459
2020-12-24,341.783
2020-12-28,344.719
2020-12-29,344.062
2020-12-30,344.553
2020-12-31,346.303
2021-01-04,341.589
2021-01-05,343.941
2021-01-06,345.998
2021-01-07,351.138
2021-01-08,353.139
2021-01-11,350.758
2021-01-12,350.833
2021-01-13,351.777
2021-01-14,350.545
2021-01-15,347.989
2021-01-19,350.721
2021-01-20,355.575
2021-01-21,355.899
2021-01-22,354.639
2021-01-25,356.038
2021-01-26,355.482
2021-01-27,346.794
2021-01-28,349.777
2021-01-29,342.774
2021-02-01,348.48
2021-02-02,353.408
2021-02-03,353.685
2021-02-04,357.705
2021-02-05,359.113
2021-02-08,361.707
2021-02-09,361.466
2021-02-10,361.308
2021-02-11,361.892
2021-02-12,363.68
2021-02-16,363.365
2021-02-17,363.448
2021-02-18,361.901
2021-02-19,361.262
2021-02-22,358.483
2021-02-23,358.919
2021-02-24,362.874
2021-02-25,354.13
2021-02-26,352.305
2021-03-01,360.845
2021-03-02,358.029
2021-03-03,353.287
2021-03-04,348.915
2021-03-05,355.334
2021-03-08,353.565
2021-03-09,358.613
2021-03-10,360.845
2021-03-11,364.504
2021-03-12,364.995
2021-03-15,367.172
2021-03-16,366.708
2021-03-17,367.959
2021-03-18,362.605
2021-03-19,361.934
2021-03-22,364.824
2021-03-23,361.953
2021-03-24,360.113
2021-03-25,362.139
2021-03-26,367.974
2021-03-29,367.789
2021-03-30,366.813
2021-03-31,368.3
2021-04-01,372.277
2021-04-05,377.62
2021-04-06,377.397
2021-04-07,377.834
2021-04-08,379.628
2021-04-09,382.388
2021-04-12,382.527
2021-04-13,383.661
2021-04-14,382.35
2021-04-15,386.458
2021-04-16,387.749
2021-04-19,385.844
2021-04-20,383.019
2021-04-21,386.644
2021-04-22,383.112
2021-04-23,387.266
2021-04-26,388.075
2021-04-27,387.991
2021-04-28,387.88
2021-04-29,390.351
2021-04-30,387.787
2021-05-03,388.623
2021-05-04,386.225
2021-05-05,386.346
2021-05-06,389.431
2021-05-07,392.266
2021-05-10,388.381
2021-05-11,384.915
2021-05-12,376.738
2021-05-13,381.263
2021-05-14,387.118
2021-05-17,386.132
2021-05-18,382.806
2021-05-19,381.802
2021-05-20,385.909
2021-05-21,385.594
2021-05-24,389.524
2021-05-25,388.66
2021-05-26,389.431
2021-05-27,389.636
2021-05-28,390.333
2021-06-01,389.989
2021-06-02,390.602
2021-06-03,389.153
2021-06-04,392.712
2021-06-07,392.331
2021-06-08,392.414
2021-06-09,391.829
2021-06-10,393.65
2021-06-11,394.301
2021-06-14,395.184
2021-06-15,394.459
2021-06-16,392.256
2021-06-17,392.126
2021-06-18,386.836
2021-06-21,392.374
2021-06-22,394.472
2021-06-23,393.997
2021-06-24,396.327
2021-06-25,397.735
2021-06-28,398.537
2021-06-29,398.751
2021-06-30,399.087
2021-07-01,401.297
2021-07-02,404.364
2021-07-06,403.627
2021-07-07,405.054
2021-07-08,401.753
2021-07-09,406.042
2021-07-12,407.496
2021-07-13,406.107
2021-07-14,406.713
2021-07-15,405.324
2021-07-16,402.145
2021-07-19,396.206
2021-07-20,401.884
2021-07-21,405.138
2021-07-22,405.986
2021-07-23,410.163
2021-07-26,411.17
2021-07-27,409.296
2021-07-28,409.128
2021-07-29,410.825
2021-07-30,408.83
2021-08-02,407.972
2021-08-03,411.291
2021-08-04,409.268
2021-08-05,411.86
2021-08-06,412.54
2021-08-09,412.205
2021-08-10,412.717
2021-08-11,413.743
2021-08-12,414.983
2021-08-13,415.738
2021-08-16,416.717
2021-08-17,413.985
2021-08-18,409.454
2021-08-19,410.088
2021-08-20,413.351
2021-08-23,416.987
2021-08-24,417.649
2021-08-25,418.526
2021-08-26,416.055
2021-08-27,419.775
2021-08-30,421.621
2021-08-31,420.996
2021-09-01,421.22
2021-09-02,422.516
2021-09-03,422.414
2021-09-07,420.903
2021-09-08,420.39
2021-09-09,418.591
2021-09-10,415.291
2021-09-13,416.354
2021-09-14,414.107
2021-09-15,417.566
2021-09-16,416.904
2021-09-17,412.842
2021-09-20,405.959
2021-09-21,405.575
2021-09-22,409.531
2021-09-23,414.507
2021-09-24,415.19
2021-09-27,414.002
2021-09-28,405.659
2021-09-29,406.342
2021-09-30,401.376
2021-10-01,406.146
2021-10-04,400.908
2021-10-05,405.08
2021-10-06,406.763
2021-10-07,410.28
2021-10-08,409.531
2021-10-11,406.567
2021-10-12,405.566
2021-10-13,407.025
2021-10-14,413.871
2021-10-15,417.023
2021-10-18,418.258
2021-10-19,421.485
2021-10-20,423.14
2021-10-21,424.244
2021-10-22,423.804
2021-10-25,426.077
2021-10-26,426.46
2021-10-27,424.571
2021-10-28,428.668
2021-10-29,429.538
2021-11-01,430.277
2021-11-02,432.016
2021-11-03,434.654
2021-11-04,436.702
2021-11-05,438.217
2021-11-08,438.591
2021-11-09,437.142
2021-11-10,433.625
2021-11-11,433.765
2021-11-12,437.039
2021-11-15,437.188
2021-11-16,438.919
2021-11-17,437.853
2021-11-18,439.34
2021-11-19,438.554
2021-11-22,437.319
2021-11-23,437.899
2021-11-24,439.068
2021-11-26,429.276
2021-11-29,434.542
2021-11-30,426.086
2021-12-01,421.354
2021-12-02,427.807
2021-12-03,424.085
2021-12-06,429.107
2021-12-07,437.983
2021-12-08,439.143
2021-12-09,436.178
2021-12-10,440.284
2021-12-13,436.384
2021-12-14,433.382
2021-12-15,440.153
2021-12-16,436.272
2021-12-17,431.629
2021-12-20,427.039
2021-12-21,434.623
2021-12-22,438.968
2021-12-23,441.7
2021-12-27,447.951
2021-12-28,447.585
2021-12-29,448.157
2021-12-30,446.918
2021-12-31,445.792
2022-01-03,448.373
2022-01-04,448.223
2022-01-05,439.616
2022-01-06,439.203
2022-01-07,437.467
2022-01-10,436.922
2022-01-11,440.902
2022-01-12,442.094
2022-01-13,436.002
2022-01-14,436.181
2022-01-18,428.456
2022-01-19,424.007
2022-01-20,419.314
2022-01-21,411.083
2022-01-24,412.829
2022-01-25,407.789
2022-01-26,406.766
2022-01-27,404.757
2022-01-28,414.809
2022-01-31,422.28
2022-02-01,425.134
2022-02-02,429.263
2022-02-03,419.174
2022-02-04,421.145
2022-02-07,419.793
2022-02-08,423.247
2022-02-09,429.442
2022-02-10,421.727
2022-02-11,413.411
2022-02-14,412.059
2022-02-15,418.704
2022-02-16,419.174
2022-02-17,410.219
2022-02-18,407.563
2022-02-22,403.189
2022-02-23,396.037
2022-02-24,401.997
2022-02-25,410.867
2022-02-28,409.816
2022-03-01,403.574
2022-03-02,410.998
2022-03-03,408.952
2022-03-04,405.63
2022-03-07,393.672
2022-03-08,390.687
2022-03-09,401.162
2022-03-10,399.351
2022-03-11,394.273
2022-03-14,391.391
2022-03-15,399.998
2022-03-16,408.868
2022-03-17,413.983
2022-03-18,418.517
2022-03-21,418.395
2022-03-22,423.291
2022-03-23,417.84
2022-03-24,424.138
2022-03-25,426.21
2022-03-28,429.241
2022-03-29,434.551
2022-03-30,431.868
2022-03-31,425.221
2022-04-01,426.426
2022-04-04,430.079
2022-04-05,424.647
2022-04-06,420.4
2022-04-07,422.519
2022-04-08,421.389
2022-04-11,414.187
2022-04-12,412.652
2022-04-13,417.378
2022-04-14,412.181
2022-04-18,412.351
2022-04-19,419.007
2022-04-20,418.696
2022-04-21,412.435
2022-04-22,401.118
2022-04-25,403.444
2022-04-26,391.76
2022-04-27,392.861
2022-04-28,402.785
2022-04-29,387.9
2022-05-02,390.235
2022-05-03,392.023
2022-05-04,403.962
2022-05-05,389.604
2022-05-06,387.278
2022-05-09,374.879
2022-05-10,375.745
2022-05-11,369.776
2022-05-12,369.39
2022-05-13,378.221
2022-05-16,376.686
2022-05-17,384.435
2022-05-18,368.938
2022-05-19,366.678
2022-05-20,366.838
2022-05-23,373.702
2022-05-24,370.849
2022-05-25,374.126
2022-05-26,381.601
2022-05-27,390.969
2022-05-31,388.775
2022-06-01,385.631
2022-06-02,392.974
2022-06-03,386.525
2022-06-06,387.702
2022-06-07,391.421
2022-06-08,387.165
2022-06-09,377.958
2022-06-10,366.998
2022-06-13,353.064
2022-06-14,352
2022-06-15,357.018
2022-06-16,345.202
2022-06-17,345.947
2022-06-21,354.655
2022-06-22,354.012
2022-06-23,357.483
2022-06-24,368.848
2022-06-27,367.439
2022-06-28,359.932
2022-06-29,359.639
2022-06-30,356.717
2022-07-01,360.49
2022-07-05,361.17
2022-07-06,362.39
2022-07-07,367.818
2022-07-08,367.515
2022-07-11,363.317
2022-07-12,360.102
2022-07-13,358.211
2022-07-14,357.341
2022-07-15,364.168
2022-07-18,361.161
2022-07-19,370.919
2022-07-20,373.283
2022-07-21,377.084
2022-07-22,373.586
2022-07-25,374.04
2022-07-26,369.614
2022-07-27,379.212
2022-07-28,383.968
2022-07-29,389.566
2022-08-01,388.412
2022-08-02,385.85
2022-08-03,391.892
2022-08-04,391.627
2022-08-05,390.965
2022-08-08,390.511
2022-08-09,388.961
2022-08-10,397.13
2022-08-11,397.13
2022-08-12,403.853
2022-08-15,405.518
2022-08-16,406.312
2022-08-17,403.428
2022-08-18,404.601
2022-08-19,399.163
2022-08-22,390.852
2022-08-23,389.906
2022-08-24,391.154
2022-08-25,396.677
2022-08-26,383.25
2022-08-29,380.715
2022-08-30,376.536
2022-08-31,373.671
2022-09-01,374.843
2022-09-02,370.891
2022-09-06,369.491
2022-09-07,376.129
2022-09-08,378.588
2022-09-09,384.469
2022-09-12,388.601
2022-09-13,371.704
2022-09-14,373.122
2022-09-15,368.886
2022-09-16,366.072
2022-09-19,368.911
2022-09-20,364.676
2022-09-21,358.315
2022-09-22,355.305
2022-09-23,349.352
2022-09-26,345.896
2022-09-27,345.013
2022-09-28,351.802
2022-09-29,344.453
2022-09-30,339.126
2022-10-03,348.08
2022-10-04,358.866
2022-10-05,358.03
2022-10-06,354.337
2022-10-07,344.453
2022-10-10,341.823
2022-10-11,339.658
2022-10-12,338.538
2022-10-13,347.472
2022-10-14,339.554
2022-10-17,348.279
2022-10-18,352.371
2022-10-19,349.874
2022-10-20,346.941
2022-10-21,355.372
2022-10-24,359.72
2022-10-25,365.464
2022-10-26,362.711
2022-10-27,360.774
2022-10-28,369.357
2022-10-31,366.689
2022-11-01,365.085
2022-11-02,355.922
2022-11-03,352.257
2022-11-04,357.328
2022-11-07,360.746
2022-11-08,362.692
2022-11-09,355.22
2022-11-10,374.741
2022-11-11,378.368
2022-11-14,375.149
2022-11-15,378.349
2022-11-16,375.462
2022-11-17,374.313
2022-11-18,376.013
2022-11-21,374.646
2022-11-22,379.687
2022-11-23,382.08
2022-11-25,381.994
2022-11-28,375.899
2022-11-29,375.253
2022-11-30,387.074
2022-12-01,386.789
2022-12-02,386.343
2022-12-05,379.393
2022-12-06,373.924
2022-12-07,373.288
2022-12-08,376.212
2022-12-09,373.402
2022-12-12,378.785
2022-12-13,381.653
2022-12-14,379.213
2022-12-15,369.936
2022-12-16,365.569
2022-12-19,362.469
2022-12-20,362.965
2022-12-21,368.392
2022-12-22,363.137
2022-12-23,365.225
2022-12-27,363.785
2022-12-28,359.264
2022-12-29,365.731
2022-12-30,364.768
2023-01-03,363.232
2023-01-04,366.036
2023-01-05,361.858
2023-01-06,370.157
2023-01-09,369.947
2023-01-10,372.541
2023-01-11,377.253
2023-01-12,378.627
2023-01-13,380.095
2023-01-17,379.399
2023-01-18,373.409
2023-01-19,370.691
2023-01-20,377.596
2023-01-23,382.127
2023-01-24,381.717
2023-01-25,381.86
2023-01-26,386.057
2023-01-27,386.944
2023-01-30,382.089
2023-01-31,387.707
2023-02-01,391.827
2023-02-02,397.531
2023-02-03,393.306
2023-02-06,390.902
2023-02-07,396.015
2023-02-08,391.684
2023-02-09,388.289
2023-02-10,389.195
2023-02-13,393.764
2023-02-14,393.582
2023-02-15,394.861
2023-02-16,389.424
2023-02-17,388.451
2023-02-21,380.658
2023-02-22,380.134
2023-02-23,382.156
2023-02-24,378.073
2023-02-27,379.361
2023-02-28,377.959
2023-03-01,376.509
2023-03-02,379.437
2023-03-03,385.523
2023-03-06,385.79
2023-03-07,379.876
2023-03-08,380.496
2023-03-09,373.476
2023-03-10,368.087
2023-03-13,367.562
2023-03-14,373.638
2023-03-15,371.301
2023-03-16,377.816
2023-03-17,373.398
2023-03-20,376.989
2023-03-21,381.939
2023-03-22,375.428
2023-03-23,376.443
2023-03-24,378.913
2023-03-27,379.622
2023-03-28,378.769
2023-03-29,384.275
2023-03-30,386.525
2023-03-31,391.973
2023-04-03,393.466
2023-04-04,391.283
2023-04-05,390.259
2023-04-06,391.781
2023-04-10,392.183
2023-04-11,392.289
2023-04-12,390.69
2023-04-13,395.879
2023-04-14,394.912
2023-04-17,396.329
2023-04-18,396.588
2023-04-19,396.521
2023-04-20,394.357
2023-04-21,394.663
2023-04-24,395.075
2023-04-25,388.804
2023-04-26,387.157
2023-04-27,394.864
2023-04-28,398.235
2023-05-01,397.832
2023-05-02,393.361
2023-05-03,390.661
2023-05-04,387.894
2023-05-05,395.075
2023-05-08,395.18
2023-05-09,393.447
2023-05-10,395.286
2023-05-11,394.596
2023-05-12,394.079
2023-05-15,395.439
2023-05-16,392.796
2023-05-17,397.564
2023-05-18,401.394
2023-05-19,400.81
2023-05-22,400.973
2023-05-23,396.473
2023-05-24,393.6
2023-05-25,397.009
2023-05-26,402.151
2023-05-30,402.304
2023-05-31,400.073
2023-06-01,403.874
2023-06-02,409.714
2023-06-05,408.929
2023-06-06,409.82
2023-06-07,408.403
2023-06-08,410.873
2023-06-09,411.61
2023-06-12,415.344
2023-06-13,418.083
2023-06-14,418.58
2023-06-15,423.77
2023-06-16,422.326
2023-06-20,420.135
2023-06-21,417.983
2023-06-22,419.491
2023-06-23,416.32
2023-06-26,414.619
2023-06-27,419.165
2023-06-28,419.376
2023-06-29,421.029
2023-06-30,425.997
2023-07-03,426.488
2023-07-05,425.853
2023-07-06,422.519
2023-07-07,421.452
2023-07-10,422.519
2023-07-11,425.209
2023-07-12,428.631
2023-07-13,432.033
2023-07-14,431.764
2023-07-17,433.263
2023-07-18,436.482
2023-07-19,437.453
2023-07-20,434.55
2023-07-21,434.55
2023-07-24,436.492
2023-07-25,437.683
2023-07-26,437.751
2023-07-27,434.848
2023-07-28,439.106
2023-07-31,439.942
2023-08-01,438.683
2023-08-02,432.58
2023-08-03,431.341
2023-08-04,429.39
2023-08-07,433.138
2023-08-08,431.254
2023-08-09,428.371
2023-08-10,428.525
2023-08-11,428.275
2023-08-14,430.639
2023-08-15,425.623
2023-08-16,422.499
2023-08-17,419.28
2023-08-18,419.482
2023-08-21,422.211
2023-08-22,421.067
2023-08-23,425.757
2023-08-24,419.857
2023-08-25,422.817
2023-08-28,425.498
2023-08-29,431.648
2023-08-30,433.426
2023-08-31,432.792
2023-09-01,433.599
2023-09-05,431.725
2023-09-06,428.823
2023-09-07,427.506
2023-09-08,428.15
2023-09-11,430.966
2023-09-12,428.602
2023-09-13,429.102
2023-09-14,432.801
2023-09-15,427.587
2023-09-18,427.838
2023-09-19,426.95
2023-09-20,423.025
2023-09-21,416.033
2023-09-22,415.098
2023-09-25,416.844
2023-09-26,410.72
2023-09-27,410.884
2023-09-28,413.266
2023-09-29,412.263
2023-10-02,412.099
2023-10-03,406.582
2023-10-04,409.543
2023-10-05,409.389
2023-10-06,414.249
2023-10-09,416.901
2023-10-10,419.071
2023-10-11,420.788
2023-10-12,418.223
2023-10-13,416.139
2023-10-16,420.518
2023-10-17,420.499
2023-10-18,414.895
2023-10-19,411.25
2023-10-20,406.197
2023-10-23,405.492
2023-10-24,408.55
2023-10-25,402.686
2023-10-26,397.864
2023-10-27,396.061
2023-10-30,400.796
2023-10-31,403.313
2023-11-01,407.614
2023-11-02,415.426
2023-11-03,419.216
2023-11-06,420.18
2023-11-07,421.376
2023-11-08,421.685
2023-11-09,418.396
2023-11-10,424.925
2023-11-13,424.52
2023-11-14,432.756
2023-11-15,433.672
2023-11-16,434.203
2023-11-17,434.743
2023-11-20,438.089
2023-11-21,437.135
2023-11-22,438.822
2023-11-24,439.092
2023-11-27,438.301
2023-11-28,438.735
2023-11-29,438.427
2023-11-30,440.153
2023-12-01,442.757
2023-12-04,440.433
2023-12-05,440.346
2023-12-06,438.571
2023-12-07,441.918
2023-12-08,443.818
2023-12-11,445.544
2023-12-12,447.579
2023-12-13,453.751
2023-12-14,455.207
2023-12-15,454.458
2023-12-18,457.014
2023-12-19,459.793
2023-12-20,453.422
2023-12-21,457.721
2023-12-22,458.641
2023-12-26,460.578
2023-12-27,461.41
2023-12-28,461.585
2023-12-29,460.248
2024-01-02,457.673
2024-01-03,453.935
2024-01-04,452.473
2024-01-05,453.093
2024-01-08,459.561
2024-01-09,458.864
2024-01-10,461.459
2024-01-11,461.255
2024-01-12,461.575
2024-01-16,459.88
2024-01-17,457.324
2024-01-18,461.391
2024-01-19,467.143
2024-01-22,468.131
2024-01-23,469.496
2024-01-24,470.009
2024-01-25,472.565
2024-01-26,471.965
2024-01-29,475.703
2024-01-30,475.335
2024-01-31,467.579
2024-02-01,473.698
2024-02-02,478.685
2024-02-05,476.942
2024-02-06,478.327
2024-02-07,482.316
2024-02-08,482.529
2024-02-09,485.318
2024-02-12,485.105
2024-02-13,478.424
2024-02-14,482.771
2024-02-15,486.102
2024-02-16,483.682
2024-02-20,481.019
2024-02-21,481.454
2024-02-22,491.418
2024-02-23,491.757
2024-02-26,489.956
2024-02-27,490.866
2024-02-28,490.218
2024-02-29,491.98
2024-03-01,496.599
2024-03-04,496.066
2024-03-05,491.109
2024-03-06,493.597
2024-03-07,498.497
2024-03-08,495.505
2024-03-11,495.079
2024-03-12,500.404
2024-03-13,499.62
2024-03-14,498.632
2024-03-15,495.208
2024-03-18,498.152
2024-03-19,500.92
2024-03-20,505.553
2024-03-21,507.224
2024-03-22,506.262
2024-03-25,504.863
2024-03-26,503.931
2024-03-27,508.166
2024-03-28,508.069
2024-04-01,507.185
2024-04-02,503.96
2024-04-03,504.514
2024-04-04,498.355
2024-04-05,503.562
2024-04-08,503.843
2024-04-09,504.426
2024-04-10,499.375
2024-04-11,503.144
2024-04-12,496.199
2024-04-15,489.983
2024-04-16,489.089
2024-04-17,486.195
2024-04-18,485.194
2024-04-19,480.959
2024-04-22,485.388
2024-04-23,491.148
2024-04-24,490.915
2024-04-25,489.05
2024-04-26,493.683
2024-04-29,495.432
2024-04-30,487.584
2024-05-01,486
2024-05-02,490.546
2024-05-03,496.627
2024-05-06,501.755
2024-05-07,502.309
2024-05-08,502.357
2024-05-09,505.252
2024-05-10,505.903
2024-05-13,505.971
2024-05-14,508.292
2024-05-15,514.586
2024-05-16,513.528
2024-05-17,514.266
2024-05-20,514.858
2024-05-21,516.121
2024-05-22,514.635
2024-05-23,510.876
2024-05-24,514.256
2024-05-28,514.615
2024-05-29,511.012
2024-05-30,507.622
2024-05-31,512.245
2024-06-03,512.663
2024-06-04,513.236
2024-06-05,519.336
2024-06-06,519.326
2024-06-07,518.695
2024-06-10,520.298
2024-06-11,521.551
2024-06-12,525.834
2024-06-13,526.893
2024-06-14,527.213
2024-06-17,531.409
2024-06-18,532.76
2024-06-20,531.312
2024-06-21,530.6
2024-06-24,528.875
2024-06-25,530.912
2024-06-26,531.575
2024-06-27,532.413
2024-06-28,530.317
2024-07-01,531.409
2024-07-02,534.985
2024-07-03,537.373
2024-07-05,540.471
2024-07-08,541.095
2024-07-09,541.621
2024-07-10,546.981
2024-07-11,542.264
2024-07-12,545.685
2024-07-15,547.185
2024-07-16,550.43
2024-07-17,542.713
2024-07-18,538.542
2024-07-19,534.966
2024-07-22,540.481
2024-07-23,539.633
2024-07-24,527.404
2024-07-25,524.656
2024-07-26,530.532
2024-07-29,530.844
2024-07-30,528.154
2024-07-31,536.739
2024-08-01,529.138
2024-08-02,519.287
2024-08-05,504.163
2024-08-06,508.811
2024-08-07,505.41
2024-08-08,517.094
2024-08-09,519.374
2024-08-12,519.647
2024-08-13,528.193
2024-08-14,529.86
2024-08-15,538.941
2024-08-16,540.15
2024-08-19,545.314
2024-08-20,544.428
2024-08-21,546.299
2024-08-22,542.011
2024-08-23,547.77
2024-08-26,546.464
2024-08-27,547.215
2024-08-28,544.038
2024-08-29,544.087
2024-08-30,549.28
2024-09-03,537.977
2024-09-04,536.876
2024-09-05,535.57
2024-09-06,526.556
2024-09-09,532.452
2024-09-10,534.771
2024-09-11,540.257
2024-09-12,544.808
2024-09-13,547.653
2024-09-16,548.462
2024-09-17,548.686
2024-09-18,547.059
2024-09-19,556.394
2024-09-20,555.432
2024-09-23,556.82
2024-09-24,558.413
2024-09-25,557.182
2024-09-26,559.391
2024-09-27,558.579
2024-09-30,560.818
2024-10-01,555.794
2024-10-02,556.028
2024-10-03,555.012
2024-10-04,560.055
2024-10-07,554.992
2024-10-08,560.241
2024-10-09,564.122
2024-10-10,563.134
2024-10-11,566.507
2024-10-14,571.14
2024-10-15,566.702
2024-10-16,569.165
2024-10-17,569.214
2024-10-18,571.404
2024-10-21,570.465
2024-10-22,570.162
2024-10-23,564.952
2024-10-24,566.174
2024-10-25,565.979
2024-10-28,567.728
2024-10-29,568.647
2024-10-30,566.927
2024-10-31,555.813
2024-11-01,558.159
2024-11-04,556.957
2024-11-05,563.692
2024-11-06,577.708
2024-11-07,582.175
2024-11-08,584.697
2024-11-11,585.254
2024-11-12,583.436
2024-11-13,583.719
2024-11-14,579.966
2024-11-15,572.537
2024-11-18,574.883
2024-11-19,576.985
2024-11-20,577.18
2024-11-21,580.279
2024-11-22,582.077
2024-11-25,584.052
2024-11-26,587.101
2024-11-27,585.322
2024-11-29,588.958
2024-12-02,590.014
2024-12-03,590.288
2024-12-04,593.953
2024-12-05,592.976
2024-12-06,594.1
2024-12-09,591.04
2024-12-10,589.203
2024-12-11,593.758
2024-12-12,590.698
2024-12-13,590.581
2024-12-16,593.103
2024-12-17,590.659
2024-12-18,573.055
2024-12-19,572.879
2024-12-20,579.76
2024-12-23,583.232
2024-12-24,589.715
2024-12-26,589.754
2024-12-27,583.546
2024-12-30,576.887
2024-12-31,574.788
2025-01-02,573.376
2025-01-03,580.545
2025-01-06,583.889
2025-01-07,577.289
2025-01-08,578.132
2025-01-10,569.306
2025-01-13,570.188
2025-01-14,570.973
2025-01-15,581.359
2025-01-16,580.241
2025-01-17,586.066
2025-01-21,591.431
2025-01-22,594.756
2025-01-23,598.002
2025-01-24,596.256
2025-01-27,587.822
2025-01-28,592.873
2025-01-29,590.215
2025-01-30,593.383
2025-01-31,590.225
2025-02-03,586.253
2025-02-04,590.185
2025-02-05,592.578
2025-02-06,594.638
2025-02-07,589.195
2025-02-10,593.196
2025-02-11,593.647
2025-02-12,591.735
2025-02-13,597.982
2025-02-14,597.953
2025-02-18,599.708
2025-02-19,601.121
2025-02-20,598.62
2025-02-21,588.381
2025-02-24,585.704
2025-02-25,582.791
2025-02-26,583.085
2025-02-27,573.778
2025-02-28,582.732
2025-03-03,572.522
2025-03-04,565.746
2025-03-05,571.826
2025-03-06,561.676
2025-03-07,564.824
2025-03-10,549.779
2025-03-11,545.209
2025-03-12,548.102
2025-03-13,540.796
2025-03-14,551.966
2025-03-17,556.223
2025-03-18,550.211
2025-03-19,556.203
2025-03-20,554.595
2025-03-21,554.778
2025-03-24,564.713
2025-03-25,566.07
2025-03-26,559.312
2025-03-27,557.827
2025-03-28,546.593
2025-03-31,550.263
2025-04-01,551.817
2025-04-02,555.309
2025-04-03,527.943
2025-04-04,497.035
2025-04-07,496.15
2025-04-08,488.379
2025-04-09,539.668
2025-04-10,516.021
2025-04-11,525.228
2025-04-14,530.323
2025-04-15,528.838
2025-04-16,517.083
2025-04-17,517.821
2025-04-21,505.495
2025-04-22,518.647
2025-04-23,526.684
2025-04-24,537.77
2025-04-25,541.655
2025-04-28,541.862
2025-04-29,545.275
2025-04-30,545.492
2025-05-01,549.358
2025-05-02,557.512
2025-05-05,554.315
2025-05-06,549.682
2025-05-07,551.994
2025-05-08,555.84
2025-05-09,555.132
2025-05-12,573.478
2025-05-13,577.265
2025-05-14,578.002
2025-05-15,580.826
2025-05-16,584.505
2025-05-19,585.144
2025-05-20,583.177
2025-05-21,573.35
2025-05-22,573.576
2025-05-23,569.661
2025-05-27,581.504
2025-05-28,578.14
2025-05-29,580.422
2025-05-30,579.773
2025-06-02,583.039
2025-06-03,586.364
2025-06-04,586.206
2025-06-05,583.373
2025-06-06,589.364
2025-06-09,589.895
2025-06-10,593.24
2025-06-11,591.548
2025-06-12,593.899
2025-06-13,587.259
2025-06-16,592.846
2025-06-17,587.78
2025-06-18,587.692
2025-06-20,586.311
2025-06-23,592.103
2025-06-24,598.644
2025-06-25,598.979
2025-06-26,603.666
2025-06-27,606.665
2025-06-30,609.565
2025-07-01,609.368
2025-07-02,612.131
2025-07-03,616.955
2025-07-07,612.357
2025-07-08,612.022
2025-07-09,615.692
2025-07-10,617.429
2025-07-11,615.258
2025-07-14,616.432
2025-07-15,613.798
2025-07-16,615.85
2025-07-17,619.619
2025-07-18,619.165
2025-07-21,620.339
2025-07-22,620.428
2025-07-23,625.706
2025-07-24,625.913
2025-07-25,628.557
2025-07-28,628.399
2025-07-29,626.742
2025-07-30,625.953
2025-07-31,623.605
2025-08-01,613.383
2025-08-04,622.707
2025-08-05,619.55
2025-08-06,624.295
2025-08-07,623.772
2025-08-08,628.636
2025-08-11,627.393
2025-08-12,634.072
2025-08-13,636.243
2025-08-14,636.302
2025-08-15,634.812
2025-08-18,634.674
2025-08-19,631.231
2025-08-20,629.554
2025-08-21,627.028
2025-08-22,636.657
2025-08-25,633.855
2025-08-26,636.509
2025-08-27,637.959
2025-08-28,640.219
2025-08-29,636.401
2025-09-02,631.685
2025-09-03,635.108
2025-09-04,640.416
2025-09-05,638.561
2025-09-08,640.13
2025-09-09,641.61
2025-09-10,643.465
2025-09-11,648.812
2025-09-12,648.595
2025-09-15,652.048
2025-09-16,651.15
2025-09-17,650.341
2025-09-18,653.38
2025-09-19,656.616
2025-09-22,659.722
2025-09-23,656.131
2025-09-24,654.044
2025-09-25,651.026
2025-09-26,654.756
2025-09-29,656.596
2025-09-30,659.07
2025-10-01,661.315
2025-10-02,662.077
2025-10-03,662.067
2025-10-06,664.442
2025-10-07,661.978
2025-10-08,665.926
2025-10-09,663.996
2025-10-10,646.05
2025-10-13,655.963
2025-10-14,655.162
2025-10-15,658.07
2025-10-16,653.589
2025-10-17,657.299
2025-10-20,664.135
2025-10-21,664.125
2025-10-22,660.672
2025-10-23,664.59
2025-10-24,670.021
2025-10-27,677.926
2025-10-28,679.727
2025-10-29,680.053
2025-10-30,672.574
2025-10-31,674.78
2025-11-03,676.046
2025-11-04,668.033
2025-11-05,670.348
2025-11-06,663.155
2025-11-07,663.808
2025-11-10,674.167
2025-11-11,675.71
2025-11-12,676.086
2025-11-13,664.867
2025-11-14,664.758
2025-11-17,658.565
2025-11-18,653.035
2025-11-19,655.557
2025-11-20,645.565
2025-11-21,651.996
2025-11-24,661.592
2025-11-25,667.815
2025-11-26,672.425
2025-11-28,676.096
2025-12-01,673.009
2025-12-02,674.256
2025-12-03,676.591
2025-12-04,677.085
2025-12-05,678.371
2025-12-08,676.333
2025-12-09,675.75
2025-12-10,680.231
2025-12-11,681.814
2025-12-12,674.483
2025-12-15,673.464
2025-12-16,671.624
2025-12-17,664.234
2025-12-18,669.25
2025-12-19,675.315
2025-12-22,679.522
2025-12-23,682.628
2025-12-24,685.029
2025-12-26,684.96
2025-12-29,682.519
2025-12-30,681.686
2025-12-31,676.635
2026-01-02,677.875
2026-01-05,682.39
2026-01-06,686.448
2026-01-07,684.236
2026-01-08,684.166
2026-01-09,688.691
2026-01-12,689.772
2026-01-13,688.393
2026-01-14,685.01
2026-01-15,686.875
2026-01-16,686.299
2026-01-20,672.329
2026-01-21,680.088
2026-01-22,683.64
2026-01-23,683.888
2026-01-26,687.361
2026-01-27,690.1
2026-01-28,690.03
2026-01-29,688.661
2026-01-30,686.607
2026-02-02,690.02
2026-02-03,684.186
2026-02-04,680.872
2026-02-05,672.368
2026-02-06,685.268
2026-02-09,688.572
2026-02-10,686.756
2026-02-11,686.597
2026-02-12,675.99
2026-02-13,676.466
2026-02-17,677.558
2026-02-18,680.971
2026-02-19,679.175
2026-02-20,684.087
2026-02-23,677.101
2026-02-24,682.023
2026-02-25,687.778
2026-02-26,683.958
2026-02-27,680.673
2026-03-02,681.06
2026-03-03,675.057
2026-03-04,679.82
2026-03-05,676.03
2026-03-06,667.169
2026-03-09,673.013
2026-03-10,671.932
2026-03-11,671.088
2026-03-12,660.898
2026-03-13,657.157
2026-03-16,663.845
2026-03-17,665.591
2026-03-18,656.304
2026-03-19,654.686
2026-03-20,645.301
2026-03-23,652.077
2026-03-24,649.888
2026-03-25,653.509
2026-03-26,641.839
2026-03-27,630.894
2026-03-30,628.785
2026-03-31,647.062
2026-04-01,651.937
2026-04-02,652.524
2026-04-06,655.609
2026-04-07,655.897
2026-04-08,672.603
2026-04-09,676.483
2026-04-10,676.035
2026-04-13,682.642
2026-04-14,690.96
2026-04-15,696.412
2026-04-16,698.123
2026-04-17,706.561
2026-04-20,705.148
2026-04-21,700.531
2026-04-22,707.625
2026-04-23,704.879
2026-04-24,710.342
2026-04-27,711.565
2026-04-28,708.103
2026-04-29,707.993
2026-04-30,715.038
2026-05-01,717.018
2026-05-04,714.391
2026-05-05,720.122
2026-05-06,730.131
2026-05-07,727.893
2026-05-08,733.902
2026-05-11,735.574
2026-05-12,734.459
2026-05-13,738.569
2026-05-14,744.399
2026-05-15,735.444
2026-05-18,734.927
2026-05-19,730.032
2026-05-20,737.514
2026-05-21,738.976
2026-05-22,741.882
2026-05-26,746.807
2026-05-27,746.677
2026-05-28,750.797
2026-05-29,752.667
2026-06-01,754.717
2026-06-02,755.742
2026-06-03,750.438
2026-06-04,753.274
2026-06-05,733.833
2026-06-08,735.494
2026-06-09,733.335
2026-06-10,721.774
2026-06-11,734.042
2026-06-12,738.011
2026-06-15,751.025
2026-06-16,746.548
2026-06-17,737.225
2026-06-18,744.89
2026-06-22,742.546
2026-06-23,731.763
2026-06-24,731.424
2026-06-25,732.481
2026-06-26,727.184
2026-06-29,739.164
2026-06-30,744.92
2026-07-01,743.913
2026-07-02,742.935
2026-07-06,749.419
2026-07-07,745.858
2026-07-08,743.554
2026-07-09,749.848
2026-07-10,753.08
2026-07-13,747.314
2026-07-14,749.968
2026-07-15,752.94
2026-07-16,748.86
2026-07-17,741.449
2026-07-20,740.252
2026-07-21,746.427
2026-07-22,745.559
2026-07-23,736.352
2026-07-24,737.1
2026-07-27,737.259
2026-07-28,739.025
2026-07-29,727.653
2026-07-30,739.853
2026-07-31,745.18
2026-08-03,755.793
2026-08-04,769.419
2026-08-05,767.883
2026-08-06,766.656
2026-08-07,771.345
2026-08-10,771.115
2026-08-11,768.651
2026-08-12,770.576
2026-08-13,775.953
2026-08-14,774.417
2026-08-17,770.756
2026-08-18,765.549
2026-08-19,767.155
2026-08-20,760.711
2026-08-21,763.823
2026-08-24,761.579
2026-08-25,764.013
2026-08-26,764.182
2026-08-27,769.19
2026-08-28,767.444
2026-08-31,765.15
2026-09-01,759.893
2026-09-02,763.265
2026-09-03,771.255
2026-09-04,768.282
2026-09-08,764.063
2026-09-09,760.512
2026-09-10,755.953
2026-09-11,762.397
2026-09-14,758.995
2026-09-15,755.514
2026-09-16,752.182
2026-09-17,760.711
2026-09-18,761.69
2026-09-21,769.17
